id,brand,title,slug,currentImageCount,sourceUrl,fetchStatus,candidateCount,candidateUrls
"prod_hockey_stick_002","Bauer","BAUER VAPOR HYPERLITE 2 Red Stick Senior","bauer-vapor-hyperlite-2-red-stick-senior","4","https://sportsexcellence.com/products/bauer-vapor-hyperlite-2-hockey-stick-red-senior","200","12","https://sportsexcellence.com/cdn/shop/files/bauer_hockey_skate.png?v=1785440404&width=1200|https://sportsexcellence.com/cdn/shop/files/BauerIgniteProStick_2_250x250_crop_center.jpg?v=1780932588|https://sportsexcellence.com/cdn/shop/files/BauerIgniteProStick_2_200x200_crop_center.jpg?v=1780932588|https://sportsexcellence.com/cdn/shop/files/VAPORHL2_B_RED_7da83545-e6cf-42b1-8888-187838e116a7.jpg?v=1750244456&width=800|https://sportsexcellence.com/cdn/shop/files/VAPORHL2_B_RED-2_5c82f637-c3a1-4451-b658-389352416163.jpg?v=1750244456&width=800|https://sportsexcellence.com/cdn/shop/files/BauerIgniteProSRSkate_250x250_crop_center.jpg?v=1781006078|https://sportsexcellence.com/cdn/shop/files/BauerIgniteProSRSkate_200x200_crop_center.jpg?v=1781006078|https://cdn.shopify.com/s/files/1/0731/0019/8200/files/bauer_2112b810-748e-42ab-8624-09cbcce37340.png?v|https://sportsexcellence.com/cdn/shop/files/bauer_hockey_skate_mobile.png?v=1785440403&width=352|https://sportsexcellence.com/cdn/shop/files/bauer_hockey_skate_mobile.png?v=1785440403&width=686|https://sportsexcellence.com/cdn/shop/files/bauer_hockey_skate.png?v=1785440404&width=352|https://sportsexcellence.com/cdn/shop/files/bauer_hockey_skate.png?v=1785440404&width=832"
"prod_goalie_007","CCM","CCM EFLEX 7 Goalie Glove Senior","ccm-eflex-7-goalie-glove-senior","4","https://www.thehockeyshop.com/products/ccm-extreme-flex-7-senior-goalie-catcher-pro-palm","200","12","https://www.thehockeyshop.com/cdn/shop/files/catchers-ccm-extreme-flex-7-senior-goalie-catcher-pro-palm-1250708437_1200x630_crop_center.png?v=1784749332|https://www.thehockeyshop.com/cdn/shop/files/catchers-ccm-extreme-flex-7-senior-goalie-catcher-pro-palm-1221776153_%7Bwidth%7Dx.jpg?v=1777780053|https://www.thehockeyshop.com/cdn/shop/files/catchers-ccm-extreme-flex-7-senior-goalie-catcher-pro-palm-1221776153_1400x.jpg?v=1777780053|https://www.thehockeyshop.com/cdn/shop/files/catchers-ccm-extreme-flex-7-senior-goalie-catcher-pro-palm-1221776152_%7Bwidth%7Dx.jpg?v=1777780070|https://www.thehockeyshop.com/cdn/shop/files/catchers-ccm-extreme-flex-7-senior-goalie-catcher-pro-palm-1221776152_1400x.jpg?v=1777780070|https://www.thehockeyshop.com/cdn/shop/files/catchers-ccm-extreme-flex-7-senior-goalie-catcher-pro-palm-1221776151_%7Bwidth%7Dx.jpg?v=1777780081|https://www.thehockeyshop.com/cdn/shop/files/catchers-ccm-extreme-flex-7-senior-goalie-catcher-pro-palm-1221776151_1400x.jpg?v=1777780081|https://www.thehockeyshop.com/cdn/shop/files/catchers-ccm-extreme-flex-7-senior-goalie-catcher-pro-palm-1221776150_%7Bwidth%7Dx.jpg?v=1777780099|https://www.thehockeyshop.com/cdn/shop/files/catchers-ccm-extreme-flex-7-senior-goalie-catcher-pro-palm-1221776150_1400x.jpg?v=1777780099|https://www.thehockeyshop.com/cdn/shop/files/catchers-ccm-extreme-flex-7-senior-goalie-catcher-pro-palm-1221776149_%7Bwidth%7Dx.jpg?v=1777780093|https://www.thehockeyshop.com/cdn/shop/files/catchers-ccm-extreme-flex-7-senior-goalie-catcher-pro-palm-1221776149_1400x.jpg?v=1777780093|https://www.thehockeyshop.com/cdn/shop/files/catchers-ccm-extreme-flex-7-senior-goalie-catcher-pro-palm-1221776153_400x.jpg?v=1777780053"
"prod_boot_009","Edea","Edea Ice Fly Figure Skating Boot","edea-ice-fly-figure-skating-boot","4","https://skatesus.com/product/edea-ice-fly-figure-skating-boot/","200","12","https://skatesus.com/wp-content/uploads/2023/03/EDEA-Ice-Fly-Ice-Boot-900x900.webp|https://skatesus.com/wp-content/uploads/2023/03/EDEA-Ice-Fly-Ice-Boot-White-900x900.webp|https://skatesus.com/wp-content/uploads/2023/03/EDEA-Ice-Fly-Ice-Boot-Black-900x900.webp|https://skatesus.com/wp-content/uploads/2023/01/IceFly-Edea-IceBoot-4-900x761.webp|https://skatesus.com/wp-content/uploads/2023/01/IceFly-Edea-IceBoot-7-900x761.webp|https://skatesus.com/wp-content/uploads/2023/01/IceFly-Edea-IceBoot-6-900x761.webp|https://skatesus.com/wp-content/uploads/2023/01/IceFly-Edea-IceBoot-5-900x761.webp|https://skatesus.com/wp-content/uploads/2023/01/IceFly-Edea-IceBoot-1-900x416.webp|https://skatesus.com/wp-content/uploads/2023/01/IceFly-Edea-IceBoot-3-900x771.webp|https://skatesus.com/wp-content/uploads/2023/01/IceFly-Edea-IceBoot-2-900x771.webp|https://skatesus.com/&quot;https:////skatesus.com//wp-content//uploads//2023//03//EDEA-Ice-Fly-Ice-Boot-900x900.webp|https://skatesus.com/wp-content/uploads/2023/03/EDEA-Ice-Fly-Ice-Boot.webp"
"prod_accessory_011","Bauer","BAUER Elite Carry Bag Senior S24","bauer-elite-carry-bag-senior-s24","2","https://www.thehockeyshop.com/products/bauer-elite-senior-carry-hockey-bag-1","200","12","https://www.thehockeyshop.com/cdn/shop/files/carry-hockey-bags-bauer-elite-senior-carry-hockey-bag-2024-1221792135_1200x630_crop_center.jpg?v=1777691702|https://www.thehockeyshop.com/cdn/shop/files/carry-hockey-bags-bauer-elite-senior-carry-hockey-bag-2024-1221792135_%7Bwidth%7Dx.jpg?v=1777691702|https://www.thehockeyshop.com/cdn/shop/files/carry-hockey-bags-bauer-elite-senior-carry-hockey-bag-2024-1221792135_1400x.jpg?v=1777691702|https://www.thehockeyshop.com/cdn/shop/files/carry-hockey-bags-bauer-elite-senior-carry-hockey-bag-2024-1221792135_grande.jpg?v=1777691702|https://www.thehockeyshop.com/cdn/shop/files/carry-hockey-bags-bauer-elite-senior-carry-hockey-bag-2024-1221792135_1024x1024.jpg?v=1777691702|https://cdn.shopify.com/s/files/1/0020/1585/4658/files/carry-hockey-bags-bauer-elite-senior-carry-hockey-bag-2024-1221792135.jpg?v=1777691702|https://cdn.shopify.com/s/files/1/0020/1585/4658/files/GDFH-Footer-2023.jpg?v=1699041684|https://www.thehockeyshop.com/cdn/shop/files/shipping-delivery-pickup_e9355e4b-d9b7-4e68-bde6-80820ee7cd2c_648x.webp?v=1777801115|https://www.thehockeyshop.com/cdn/shop/files/best-price-promise_21be7cc6-af67-4c5e-a5b2-2aa37ec671bd_648x.webp?v=1777801106|https://www.thehockeyshop.com/cdn/shop/files/hassle-free-exchanges_8302bdab-2f0d-4909-8863-48b7a0590564_648x.webp?v=1777801110|https://www.thehockeyshop.com/cdn/shop/files/proudly-canadian-shipping-worldwide_870bc67e-6f68-40f8-9115-232488c9605f_648x.webp?v=1777801099|https://www.thehockeyshop.com/cdn/shop/t/228/assets/bag.svg?v=149984168706906757011778605153"
"prod_hockey_tape_012","CCM","CCM Waxed Molded Tip Laces","ccm-waxed-molded-tip-laces","3","https://www.thehockeyshop.com/products/source-for-sports-molded-tip-hockey-skate-laces-white-black","200","12","https://www.thehockeyshop.com/cdn/shop/files/skate-laces-source-for-sports-molded-tip-hockey-skate-laces-white-black-1234194644_1200x630_crop_center.png?v=1776995498|https://www.thehockeyshop.com/cdn/shop/files/skate-laces-source-for-sports-molded-tip-hockey-skate-laces-white-black-1234194644_%7Bwidth%7Dx.png?v=1776995498|https://www.thehockeyshop.com/cdn/shop/files/skate-laces-source-for-sports-molded-tip-hockey-skate-laces-white-black-1234194644_1400x.png?v=1776995498|https://www.thehockeyshop.com/cdn/shop/files/skate-laces-source-for-sports-molded-tip-hockey-skate-laces-white-black-1234194644_grande.png?v=1776995498|https://www.thehockeyshop.com/cdn/shop/files/skate-laces-source-for-sports-molded-tip-hockey-skate-laces-white-black-1234194644_1024x1024.png?v=1776995498|https://cdn.shopify.com/s/files/1/0020/1585/4658/files/skate-laces-source-for-sports-molded-tip-hockey-skate-laces-white-black-1234194644.png?v=1776995498|https://cdn.shopify.com/s/files/1/0020/1585/4658/files/GDFH-Footer-2023.jpg?v=1699041684|https://www.thehockeyshop.com/cdn/shop/files/shipping-delivery-pickup_e9355e4b-d9b7-4e68-bde6-80820ee7cd2c_648x.webp?v=1777801115|https://www.thehockeyshop.com/cdn/shop/files/best-price-promise_21be7cc6-af67-4c5e-a5b2-2aa37ec671bd_648x.webp?v=1777801106|https://www.thehockeyshop.com/cdn/shop/files/hassle-free-exchanges_8302bdab-2f0d-4909-8863-48b7a0590564_648x.webp?v=1777801110|https://www.thehockeyshop.com/cdn/shop/files/proudly-canadian-shipping-worldwide_870bc67e-6f68-40f8-9115-232488c9605f_648x.webp?v=1777801099|https://www.thehockeyshop.com/cdn/shop/t/228/assets/search.svg?v=105237682411623949071778605156"
"prod_apparel_013","CCM","CCM Canada Hoodie Adult","ccm-canada-hoodie-adult","4","https://www.thehockeyshop.com/products/ccm-essentials-senior-pullover-hoodie","200","12","https://www.thehockeyshop.com/cdn/shop/files/hoodies-ccm-essentials-senior-pullover-hoodie-1255927160_1200x630_crop_center.png?v=1787794451|https://www.thehockeyshop.com/cdn/shop/files/hoodies-ccm-essentials-senior-pullover-hoodie-1255927160_%7Bwidth%7Dx.png?v=1787794451|https://www.thehockeyshop.com/cdn/shop/files/hoodies-ccm-essentials-senior-pullover-hoodie-1255927160_1400x.png?v=1787794451|https://www.thehockeyshop.com/cdn/shop/files/hoodies-ccm-essentials-senior-pullover-hoodie-1255927161_%7Bwidth%7Dx.png?v=1787794439|https://www.thehockeyshop.com/cdn/shop/files/hoodies-ccm-essentials-senior-pullover-hoodie-1255927161_1400x.png?v=1787794439|https://www.thehockeyshop.com/cdn/shop/files/hoodies-ccm-essentials-senior-pullover-hoodie-1255927159_%7Bwidth%7Dx.png?v=1787794429|https://www.thehockeyshop.com/cdn/shop/files/hoodies-ccm-essentials-senior-pullover-hoodie-1255927159_1400x.png?v=1787794429|https://www.thehockeyshop.com/cdn/shop/files/hoodies-ccm-essentials-senior-pullover-hoodie-1255927158_%7Bwidth%7Dx.png?v=1787794421|https://www.thehockeyshop.com/cdn/shop/files/hoodies-ccm-essentials-senior-pullover-hoodie-1255927158_1400x.png?v=1787794421|https://www.thehockeyshop.com/cdn/shop/files/hoodies-ccm-essentials-senior-pullover-hoodie-1255927157_%7Bwidth%7Dx.png?v=1787794413|https://www.thehockeyshop.com/cdn/shop/files/hoodies-ccm-essentials-senior-pullover-hoodie-1255927157_1400x.png?v=1787794413|https://www.thehockeyshop.com/cdn/shop/files/hoodies-ccm-essentials-senior-pullover-hoodie-1255927156_%7Bwidth%7Dx.png?v=1787794402"
"prod_apparel_014","Edea","Edea Piano Figure Skating Boot","edea-piano-figure-skating-boot","4","https://skatesus.com/product/edea-piano-figure-skating-boot/","200","12","https://skatesus.com/wp-content/uploads/2023/03/EDEA-Piano-Ice-Boot-1-900x900.webp|https://skatesus.com/wp-content/uploads/2023/03/EDEA-Piano-Ice-Boot-White-1-900x900.webp|https://skatesus.com/wp-content/uploads/2023/03/EDEA-Piano-Ice-Boot-Black-1-900x900.webp|https://skatesus.com/wp-content/uploads/2023/01/Piano-Edea-IceBoot-1-1-900x761.webp|https://skatesus.com/wp-content/uploads/2023/01/Piano-Edea-IceBoot-2-1-900x761.webp|https://skatesus.com/wp-content/uploads/2023/01/Piano-Edea-IceBoot-4-1-900x761.webp|https://skatesus.com/wp-content/uploads/2023/01/Piano-Edea-IceBoot-5-1-900x761.webp|https://skatesus.com/wp-content/uploads/2023/01/Piano-Edea-IceBoot-3-1-900x761.webp|https://skatesus.com/wp-content/uploads/2023/03/EDEA-Piano-Ice-Boot-1.webp|https://skatesus.com/wp-content/uploads/2023/03/EDEA-Piano-Ice-Boot-1-500x500.webp|https://skatesus.com/wp-content/uploads/2023/03/EDEA-Piano-Ice-Boot-1-300x300.webp|https://skatesus.com/wp-content/uploads/2023/03/EDEA-Piano-Ice-Boot-1-1024x1024.webp"
"prod_hockey_stick_021","CCM","CCM JETSPEED FT8 PRO Stick Senior","ccm-jetspeed-ft8-pro-stick-senior","4","https://www.thehockeyshop.com/products/ccm-jetspeed-ft8-pro-senior-hockey-stick-red","200","12","https://www.thehockeyshop.com/cdn/shop/files/hockey-sticks-ccm-jetspeed-ft8-pro-senior-hockey-stick-red-1257013866_1200x630_crop_center.jpg?v=1788487080|https://www.thehockeyshop.com/cdn/shop/files/hockey-sticks-ccm-jetspeed-ft8-pro-senior-hockey-stick-red-1257013866_%7Bwidth%7Dx.jpg?v=1788487080|https://www.thehockeyshop.com/cdn/shop/files/hockey-sticks-ccm-jetspeed-ft8-pro-senior-hockey-stick-red-1257013866_1400x.jpg?v=1788487080|https://www.thehockeyshop.com/cdn/shop/files/hockey-sticks-ccm-jetspeed-ft8-pro-senior-hockey-stick-red-1221781577_%7Bwidth%7Dx.jpg?v=1777747862|https://www.thehockeyshop.com/cdn/shop/files/hockey-sticks-ccm-jetspeed-ft8-pro-senior-hockey-stick-red-1221781577_1400x.jpg?v=1777747862|https://www.thehockeyshop.com/cdn/shop/files/hockey-sticks-ccm-jetspeed-ft8-pro-senior-hockey-stick-red-1221781576_%7Bwidth%7Dx.jpg?v=1777748148|https://www.thehockeyshop.com/cdn/shop/files/hockey-sticks-ccm-jetspeed-ft8-pro-senior-hockey-stick-red-1221781576_1400x.jpg?v=1777748148|https://www.thehockeyshop.com/cdn/shop/files/hockey-sticks-ccm-jetspeed-ft8-pro-senior-hockey-stick-red-1221781575_%7Bwidth%7Dx.jpg?v=1777748137|https://www.thehockeyshop.com/cdn/shop/files/hockey-sticks-ccm-jetspeed-ft8-pro-senior-hockey-stick-red-1221781575_1400x.jpg?v=1777748137|https://www.thehockeyshop.com/cdn/shop/files/hockey-sticks-ccm-jetspeed-ft8-pro-senior-hockey-stick-red-1221781574_%7Bwidth%7Dx.jpg?v=1777748174|https://www.thehockeyshop.com/cdn/shop/files/hockey-sticks-ccm-jetspeed-ft8-pro-senior-hockey-stick-red-1221781574_1400x.jpg?v=1777748174|https://www.thehockeyshop.com/cdn/shop/files/hockey-sticks-ccm-jetspeed-ft8-pro-senior-hockey-stick-red-1221781573_%7Bwidth%7Dx.jpg?v=1777748158"
"prod_hockey_stick_022","Warrior","Warrior Covert QR7 Pro Stick Senior","warrior-covert-qr7-pro-stick-senior","4","https://www.warrior.com/en/product/qr7-pro-85-sr","200","12","https://cdn.warrior.com/cdn-cgi/image/width=1200,height=630,quality=82,format=auto,fit=cover/production/image/Products/Hockey/QR7P85S6_M03_P_1.png?mtime=1778585513|https://cdn.warrior.com/cdn-cgi/image/width=1000,quality=82,format=auto,fit=cover/production/image/Products/Hockey/QR7P85S6_M03_P_1.png|https://cdn.warrior.com/cdn-cgi/image/width=1000,quality=82,format=auto,fit=cover/production/image/Products/Hockey/QR7P85S6_W03_A_1.png|https://cdn.warrior.com/cdn-cgi/image/width=1000,quality=82,format=auto,fit=cover/production/image/Products/Hockey/QR7P85S6_W03_A_2.png|https://cdn.warrior.com/cdn-cgi/image/width=1000,quality=82,format=auto,fit=cover/production/image/Products/Hockey/QR7P85S6_W03_A_3.png|https://cdn.warrior.com/cdn-cgi/image/width=1000,quality=82,format=auto,fit=cover/production/image/Products/Hockey/QR7P85S6_W03_A_4.png|https://cdn.warrior.com/cdn-cgi/image/width=1000,quality=82,format=auto,fit=cover/production/image/Products/Hockey/QR7P85S6_W03_A_5.png|https://cdn.warrior.com/cdn-cgi/image/width=1000,quality=82,format=auto,fit=cover/production/image/Products/Hockey/QR7P85S6_M03_A_5.png|https://cdn.warrior.com/cdn-cgi/image/width=1000,quality=82,format=auto,fit=cover/production/image/Products/Hockey/QR7PGS6_BRD_P_1.png|https://cdn.warrior.com/cdn-cgi/image/width=1000,quality=82,format=auto,fit=cover/production/image/Content/Nav/Hockey-Goalie-Sticks.png|https://cdn.warrior.com/cdn-cgi/image/width=1000,quality=82,format=auto,fit=cover/production/image/Warrior-Hockey-Covert-Collection-3.jpg|https://cdn.warrior.com/cdn-cgi/image/width=1000,quality=82,format=auto,fit=cover/production/image/Products/Hockey/QR7P85S6_W03_P_1.png"
"prod_hockey_stick_023","Bauer","BAUER AG5NT Stick Senior","bauer-ag5nt-2n-stick-senior","3","https://eu.bauer.com/products/agent-ultra-light-boron-fiber-senior","200","12","https://fi.bauer.com/cdn/shop/files/navigation-promo-banner-bags-backpacks-youth-glove-2026.jpg?v=1780062704&width=260|https://fi.bauer.com/cdn/shop/files/navigation-promo-banner-sticks-pulse-2-overlay_500x.jpg?v=1788379994|https://fi.bauer.com/cdn/shop/files/navigation-promo-banner-sticks-pulse-2-overlay_500x@2x.jpg?v=1788379994|https://fi.bauer.com/cdn/shop/files/navigation-promo-banner-sticks-pulse-2-overlay_500x@3x.jpg?v=1788379994|https://fi.bauer.com/cdn/shop/files/navigation-promo-banner-training-stickhandling_d34d8658-c4d2-405e-9dfa-bf3f13b66e69.jpg?v=1752606310&width=260|https://fi.bauer.com/cdn/shop/files/navigation-promo-banner-accessories-hockey-stick-blade-protector.jpg?v=1737483621&width=260|https://fi.bauer.com/cdn/shop/files/navigation-promo-banner-sticks-mystery-mini-2026-collection.jpg?v=1789681474&width=260|https://fi.bauer.com/cdn/shop/files/homepage-hero-banner-sticks-mystery-minis-player-2026-desktop-v2.jpg?v=1789658907&width=1500|https://fi.bauer.com/cdn/shop/files/homepage-hero-banner-sticks-mystery-minis-player-2026-mobile.jpg?v=1789658906&width=750|https://fi.bauer.com/cdn/shop/files/homepage-secondary-sticks-pulse-2-on-ice-keller.jpg?v=1789658905&width=750|https://fi.bauer.com/cdn/shop/files/homepage-secondary-sticks-mybauer-supreme-fuse-colors.jpg?v=1782743432&width=750|https://fi.bauer.com/cdn/shop/files/homepage-secondary-goalie-mybauer-stick-supreme-fuse.jpg?v=1782486943&width=750"
"prod_hockey_stick_024","CCM","CCM Ribcor Trigger 9 Pro Stick Senior","ccm-ribcor-trigger-9-pro-stick-senior","4","https://www.thehockeyshop.com/products/ccm-ribcor-trigger-9-pro-senior-hockey-stick","200","12","https://www.thehockeyshop.com/cdn/shop/files/hockey-sticks-ccm-ribcor-trigger-9-pro-senior-hockey-stick-1221787834_1200x630_crop_center.jpg?v=1777715156|https://www.thehockeyshop.com/cdn/shop/files/hockey-sticks-ccm-ribcor-trigger-9-pro-senior-hockey-stick-1221787834_%7Bwidth%7Dx.jpg?v=1777715156|https://www.thehockeyshop.com/cdn/shop/files/hockey-sticks-ccm-ribcor-trigger-9-pro-senior-hockey-stick-1221787834_1400x.jpg?v=1777715156|https://www.thehockeyshop.com/cdn/shop/files/hockey-sticks-ccm-ribcor-trigger-9-pro-senior-hockey-stick-1221787833_%7Bwidth%7Dx.jpg?v=1777715154|https://www.thehockeyshop.com/cdn/shop/files/hockey-sticks-ccm-ribcor-trigger-9-pro-senior-hockey-stick-1221787833_1400x.jpg?v=1777715154|https://www.thehockeyshop.com/cdn/shop/files/hockey-sticks-ccm-ribcor-trigger-9-pro-senior-hockey-stick-1221787832_%7Bwidth%7Dx.jpg?v=1777715160|https://www.thehockeyshop.com/cdn/shop/files/hockey-sticks-ccm-ribcor-trigger-9-pro-senior-hockey-stick-1221787832_1400x.jpg?v=1777715160|https://www.thehockeyshop.com/cdn/shop/files/hockey-sticks-ccm-ribcor-trigger-9-pro-senior-hockey-stick-1221787831_%7Bwidth%7Dx.jpg?v=1777715161|https://www.thehockeyshop.com/cdn/shop/files/hockey-sticks-ccm-ribcor-trigger-9-pro-senior-hockey-stick-1221787831_1400x.jpg?v=1777715161|https://www.thehockeyshop.com/cdn/shop/files/hockey-sticks-ccm-ribcor-trigger-9-pro-senior-hockey-stick-1221787830_%7Bwidth%7Dx.jpg?v=1777715169|https://www.thehockeyshop.com/cdn/shop/files/hockey-sticks-ccm-ribcor-trigger-9-pro-senior-hockey-stick-1221787830_1400x.jpg?v=1777715169|https://www.thehockeyshop.com/cdn/shop/files/hockey-sticks-ccm-ribcor-trigger-9-pro-senior-hockey-stick-1221787829_%7Bwidth%7Dx.jpg?v=1777715173"
"prod_hockey_stick_025","Warrior","Warrior Alpha LX2 Pro Stick Senior","warrior-alpha-lx2-pro-stick-senior","3","https://hoopsking.com/products/warrior-alpha-lx2-pro-stick-senior","200","12","https://hoopsking.com/cdn/shop/files/lx2p853bk_war_05_i.webp?v=1743701560&width=1200|https://hoopsking.com/cdn/shop/articles/Volleyball_athlete_in_gym_202604292018_375x.jpg?v=1790075539|https://hoopsking.com/cdn/shop/articles/Volleyball_athlete_in_gym_202604292018_410x.jpg?v=1790075539|https://hoopsking.com/cdn/shop/articles/Volleyball_athlete_in_gym_202604292018_520x.jpg?v=1790075539|https://hoopsking.com/cdn/shop/articles/Volleyball_athlete_in_gym_202604292018_576x.jpg?v=1790075539|https://hoopsking.com/cdn/shop/articles/Volleyball_athlete_in_gym_202604292018_768x.jpg?v=1790075539|https://hoopsking.com/cdn/shop/articles/Volleyball_athlete_in_gym_202604292018_992x.jpg?v=1790075539|https://hoopsking.com/cdn/shop/articles/Volleyball_athlete_in_gym_202604292018_1024x.jpg?v=1790075539|https://cdn.shopify.com/s/files/1/0752/5249/8730/files/lx2p853bk_war_05_i.webp?v=1743701560|https://hoopsking.com/cdn/shop/files/lx2p853bk_war_05_i_200x.webp?v=1743701560|https://hoopsking.com/cdn/shop/files/lx2p853bk_war_05_i_1024x1024@2x.webp?v=1743701560|https://hoopsking.com/cdn/shop/files/Custom-Ice-Hockey-Stick-Bag-Main_375x.png?v=1728400953"
"prod_protective_030","Warrior","Warrior Alpha LX Pro Senior Hockey Shoulder Pads","warrior-alpha-lx2-pro-shoulder-pads-senior","3","https://www.thehockeyshop.com/products/warrior-alpha-lx-pro-senior-hockey-shoulder-pads","200","12","https://www.thehockeyshop.com/cdn/shop/files/shoulder-pads-warrior-alpha-lx-pro-senior-hockey-shoulder-pads-1221798394_1200x630_crop_center.jpg?v=1777650040|https://www.thehockeyshop.com/cdn/shop/files/shoulder-pads-warrior-alpha-lx-pro-senior-hockey-shoulder-pads-1221798394_%7Bwidth%7Dx.jpg?v=1777650040|https://www.thehockeyshop.com/cdn/shop/files/shoulder-pads-warrior-alpha-lx-pro-senior-hockey-shoulder-pads-1221798394_1400x.jpg?v=1777650040|https://www.thehockeyshop.com/cdn/shop/files/shoulder-pads-warrior-alpha-lx-pro-senior-hockey-shoulder-pads-1221798393_%7Bwidth%7Dx.jpg?v=1777650078|https://www.thehockeyshop.com/cdn/shop/files/shoulder-pads-warrior-alpha-lx-pro-senior-hockey-shoulder-pads-1221798393_1400x.jpg?v=1777650078|https://www.thehockeyshop.com/cdn/shop/files/shoulder-pads-warrior-alpha-lx-pro-senior-hockey-shoulder-pads-1221798392_%7Bwidth%7Dx.jpg?v=1777650063|https://www.thehockeyshop.com/cdn/shop/files/shoulder-pads-warrior-alpha-lx-pro-senior-hockey-shoulder-pads-1221798392_1400x.jpg?v=1777650063|https://www.thehockeyshop.com/cdn/shop/files/shoulder-pads-warrior-alpha-lx-pro-senior-hockey-shoulder-pads-1221798391_%7Bwidth%7Dx.jpg?v=1777650096|https://www.thehockeyshop.com/cdn/shop/files/shoulder-pads-warrior-alpha-lx-pro-senior-hockey-shoulder-pads-1221798391_1400x.jpg?v=1777650096|https://www.thehockeyshop.com/cdn/shop/files/shoulder-pads-warrior-alpha-lx-pro-senior-hockey-shoulder-pads-1221798390_%7Bwidth%7Dx.jpg?v=1777650086|https://www.thehockeyshop.com/cdn/shop/files/shoulder-pads-warrior-alpha-lx-pro-senior-hockey-shoulder-pads-1221798390_1400x.jpg?v=1777650086|https://www.thehockeyshop.com/cdn/shop/files/shoulder-pads-warrior-alpha-lx-pro-senior-hockey-shoulder-pads-1221798389_%7Bwidth%7Dx.jpg?v=1777650106"
"prod_goalie_034","CCM","CCM AXIS XF Goalie Pads Senior","ccm-axis-xf-goalie-pads-senior","4","https://www.thehockeyshop.com/products/ccm-axis-xf-senior-goalie-leg-pads","200","12","https://www.thehockeyshop.com/cdn/shop/files/leg-pads-ccm-axis-xf-senior-goalie-leg-pads-1221792993_1200x630_crop_center.jpg?v=1777688932|https://www.thehockeyshop.com/cdn/shop/files/leg-pads-ccm-axis-xf-senior-goalie-leg-pads-1221792993_%7Bwidth%7Dx.jpg?v=1777688932|https://www.thehockeyshop.com/cdn/shop/files/leg-pads-ccm-axis-xf-senior-goalie-leg-pads-1221792993_1400x.jpg?v=1777688932|https://www.thehockeyshop.com/cdn/shop/files/leg-pads-ccm-axis-xf-senior-goalie-leg-pads-1221792992_%7Bwidth%7Dx.jpg?v=1777688944|https://www.thehockeyshop.com/cdn/shop/files/leg-pads-ccm-axis-xf-senior-goalie-leg-pads-1221792992_1400x.jpg?v=1777688944|https://www.thehockeyshop.com/cdn/shop/files/leg-pads-ccm-axis-xf-senior-goalie-leg-pads-1221792991_%7Bwidth%7Dx.jpg?v=1777688940|https://www.thehockeyshop.com/cdn/shop/files/leg-pads-ccm-axis-xf-senior-goalie-leg-pads-1221792991_1400x.jpg?v=1777688940|https://www.thehockeyshop.com/cdn/shop/files/leg-pads-ccm-axis-xf-senior-goalie-leg-pads-1221792990_%7Bwidth%7Dx.jpg?v=1777688954|https://www.thehockeyshop.com/cdn/shop/files/leg-pads-ccm-axis-xf-senior-goalie-leg-pads-1221792990_1400x.jpg?v=1777688954|https://www.thehockeyshop.com/cdn/shop/files/leg-pads-ccm-axis-xf-senior-goalie-leg-pads-1221792989_%7Bwidth%7Dx.jpg?v=1777688945|https://www.thehockeyshop.com/cdn/shop/files/leg-pads-ccm-axis-xf-senior-goalie-leg-pads-1221792989_1400x.jpg?v=1777688945|https://www.thehockeyshop.com/cdn/shop/files/leg-pads-ccm-axis-xf-senior-goalie-leg-pads-1221792988_%7Bwidth%7Dx.jpg?v=1777689200"
"prod_goalie_035","Bauer","BAUER Supreme Shadow Goalie Catch Glove Senior","bauer-supreme-shadow-goalie-catch-glove-senior","3","https://www.thehockeyshop.com/products/bauer-supreme-fuse-senior-goalie-catcher","200","12","https://www.thehockeyshop.com/cdn/shop/files/catchers-bauer-supreme-fuse-senior-goalie-catcher-1228631146_1200x630_crop_center.jpg?v=1774271678|https://www.thehockeyshop.com/cdn/shop/files/catchers-bauer-supreme-fuse-senior-goalie-catcher-1228631146_%7Bwidth%7Dx.jpg?v=1774271678|https://www.thehockeyshop.com/cdn/shop/files/catchers-bauer-supreme-fuse-senior-goalie-catcher-1228631146_1400x.jpg?v=1774271678|https://www.thehockeyshop.com/cdn/shop/files/catchers-bauer-supreme-fuse-senior-goalie-catcher-1228631145_%7Bwidth%7Dx.jpg?v=1774271737|https://www.thehockeyshop.com/cdn/shop/files/catchers-bauer-supreme-fuse-senior-goalie-catcher-1228631145_1400x.jpg?v=1774271737|https://www.thehockeyshop.com/cdn/shop/files/catchers-bauer-supreme-fuse-senior-goalie-catcher-1243797387_%7Bwidth%7Dx.jpg?v=1781114577|https://www.thehockeyshop.com/cdn/shop/files/catchers-bauer-supreme-fuse-senior-goalie-catcher-1243797387_1400x.jpg?v=1781114577|https://www.thehockeyshop.com/cdn/shop/files/catchers-bauer-supreme-fuse-senior-goalie-catcher-1243797388_%7Bwidth%7Dx.jpg?v=1781114568|https://www.thehockeyshop.com/cdn/shop/files/catchers-bauer-supreme-fuse-senior-goalie-catcher-1243797388_1400x.jpg?v=1781114568|https://www.thehockeyshop.com/cdn/shop/files/catchers-bauer-supreme-fuse-senior-goalie-catcher-1243797385_%7Bwidth%7Dx.jpg?v=1781114560|https://www.thehockeyshop.com/cdn/shop/files/catchers-bauer-supreme-fuse-senior-goalie-catcher-1243797385_1400x.jpg?v=1781114560|https://www.thehockeyshop.com/cdn/shop/files/catchers-bauer-supreme-fuse-senior-goalie-catcher-1243797386_%7Bwidth%7Dx.jpg?v=1781114550"
"prod_goalie_036","Warrior","Warrior Ritual G7 Pro Goalie Blocker Senior","warrior-ritual-g7-pro-goalie-blocker-senior","3","https://www.thehockeyshop.com/products/warrior-g7-senior-goalie-blocker","200","12","https://www.thehockeyshop.com/cdn/shop/files/blockers-warrior-g7-senior-goalie-blocker-1221795833_1200x630_crop_center.jpg?v=1777669428|https://www.thehockeyshop.com/cdn/shop/files/blockers-warrior-g7-senior-goalie-blocker-1221795833_%7Bwidth%7Dx.jpg?v=1777669428|https://www.thehockeyshop.com/cdn/shop/files/blockers-warrior-g7-senior-goalie-blocker-1221795833_1400x.jpg?v=1777669428|https://www.thehockeyshop.com/cdn/shop/files/blockers-warrior-g7-senior-goalie-blocker-1221795832_%7Bwidth%7Dx.jpg?v=1777669431|https://www.thehockeyshop.com/cdn/shop/files/blockers-warrior-g7-senior-goalie-blocker-1221795832_1400x.jpg?v=1777669431|https://www.thehockeyshop.com/cdn/shop/files/blockers-warrior-g7-senior-goalie-blocker-1221795831_%7Bwidth%7Dx.jpg?v=1777669438|https://www.thehockeyshop.com/cdn/shop/files/blockers-warrior-g7-senior-goalie-blocker-1221795831_1400x.jpg?v=1777669438|https://www.thehockeyshop.com/cdn/shop/files/blockers-warrior-g7-senior-goalie-blocker-1221795830_%7Bwidth%7Dx.jpg?v=1777669436|https://www.thehockeyshop.com/cdn/shop/files/blockers-warrior-g7-senior-goalie-blocker-1221795830_1400x.jpg?v=1777669436|https://www.thehockeyshop.com/cdn/shop/files/blockers-warrior-g7-senior-goalie-blocker-1221795829_%7Bwidth%7Dx.jpg?v=1777669442|https://www.thehockeyshop.com/cdn/shop/files/blockers-warrior-g7-senior-goalie-blocker-1221795829_1400x.jpg?v=1777669442|https://www.thehockeyshop.com/cdn/shop/files/blockers-warrior-g7-senior-goalie-blocker-1221795828_%7Bwidth%7Dx.jpg?v=1777669444"
"prod_figure_accessory_045","Jackson","Jackson Ultima Aspire XP Figure Blade","jackson-ultima-aspire-xp-figure-blade","2","https://jacksonultima.com/products/aspire-xp-1","200","12","http://jacksonultima.com/cdn/shop/files/UB25_0f72ef2c-7d43-4dc0-a90b-45e84623823a_1200x1200.png?v=1752672665|https://jacksonultima.com/cdn/shop/files/UB25_0f72ef2c-7d43-4dc0-a90b-45e84623823a_1200x1200.png?v=1752672665|https://jacksonultima.com/cdn/shop/files/UB25_0f72ef2c-7d43-4dc0-a90b-45e84623823a.png?v=1752672665&width=1800|https://jacksonultima.com/cdn/shop/files/UB25_0f72ef2c-7d43-4dc0-a90b-45e84623823a.png?v=1752672665&width=2048|https://jacksonultima.com/cdn/shop/files/UB25_0f72ef2c-7d43-4dc0-a90b-45e84623823a.png?v=1752672665&width=375|https://jacksonultima.com/cdn/shop/files/UB25_0f72ef2c-7d43-4dc0-a90b-45e84623823a.png?v=1752672665&width=550|https://jacksonultima.com/cdn/shop/files/UB25_0f72ef2c-7d43-4dc0-a90b-45e84623823a.png?v=1752672665&width=768|https://jacksonultima.com/cdn/shop/files/UB25_0f72ef2c-7d43-4dc0-a90b-45e84623823a.png?v=1752672665&width=1024|https://jacksonultima.com/cdn/shop/files/UB25_0f72ef2c-7d43-4dc0-a90b-45e84623823a.png?v=1752672665&width=1280|https://jacksonultima.com/cdn/shop/files/UB25_0f72ef2c-7d43-4dc0-a90b-45e84623823a.png?v=1752672665&width=1440|https://jacksonultima.com/cdn/shop/files/UB25_0f72ef2c-7d43-4dc0-a90b-45e84623823a.png?v=1752672665&width=1680|https://jacksonultima.com/cdn/shop/files/UB25_0f72ef2c-7d43-4dc0-a90b-45e84623823a.png?v=1752672665&width=1920"
"prod_figure_accessory_046","Jackson","Jackson Ultima Matrix Supreme Figure Blade","jackson-ultima-matrix-supreme-figure-blade","3","https://jacksonultima.com/products/matrix-advanced","200","12","http://jacksonultima.com/cdn/shop/files/MX7150_-_Tapered_Edge_1200x1200.jpg?v=1751904320|http://jacksonultima.com/cdn/shop/files/MX7150-TaperedEdgeGold_1200x1200.png?v=1752503065|https://jacksonultima.com/cdn/shop/files/MX7150_-_Tapered_Edge_1200x1200.jpg?v=1751904320|https://jacksonultima.com/cdn/shop/files/MX7150-TaperedEdgeGold_1200x1200.png?v=1752503065|https://jacksonultima.com/cdn/shop/files/MX7150_-_Tapered_Edge.jpg?v=1751904320&width=1800|https://jacksonultima.com/cdn/shop/files/MX7150_-_Tapered_Edge.jpg?v=1751904320&width=2048|https://jacksonultima.com/cdn/shop/files/MX7150-TaperedEdgeGold.png?v=1752503065&width=1800|https://jacksonultima.com/cdn/shop/files/MX7150-TaperedEdgeGold.png?v=1752503065&width=2048|https://jacksonultima.com/cdn/shop/files/MX7150_-_Tapered_Edge.jpg?v=1751904320&width=375|https://jacksonultima.com/cdn/shop/files/MX7150_-_Tapered_Edge.jpg?v=1751904320&width=550|https://jacksonultima.com/cdn/shop/files/MX7150_-_Tapered_Edge.jpg?v=1751904320&width=768|https://jacksonultima.com/cdn/shop/files/MX7150_-_Tapered_Edge.jpg?v=1751904320&width=1024"
"prod_figure_accessory_047","Edea","Edea E-Guards Skate Guards","edea-e-guards-skate-guards","4","https://skatesus.com/product/edea-e-guards-small-skating-blade-guard/","200","12","https://skatesus.com/wp-content/uploads/2026/07/EDEA-E-Guards-For-Blade-S-PLAYFUL-CoralFluo-900x900.webp|https://skatesus.com/wp-content/uploads/2022/12/EDEA-E-GUARDS-SMALL-900x900.webp|https://skatesus.com/wp-content/uploads/2023/03/EDEA-E-Guards-For-Blade-Small-Candy-pink-900x900.webp|https://skatesus.com/wp-content/uploads/2023/03/EDEA-E-Guards-For-Blade-Small-Royal-Blue-900x900.webp|https://skatesus.com/wp-content/uploads/2023/03/EDEA-E-Guards-For-Blade-Small-Playful-Fucsia-900x900.webp|https://skatesus.com/wp-content/uploads/2023/03/EDEA-E-Guards-For-Blade-Small-Magical-Purple-900x900.webp|https://skatesus.com/wp-content/uploads/2023/03/EDEA-E-Guards-For-Blade-Small-Happiness-Blue-900x900.webp|https://skatesus.com/wp-content/uploads/2022/12/EDEA-E-Guards-For-Blade-Small-Candy-pink-Glowing-Yellow-900x900.webp|https://skatesus.com/wp-content/uploads/2026/07/EDEA-E-Guards-For-Blade-S-PLAYFUL-CoralFluo-300x300.webp|https://skatesus.com/wp-content/uploads/2026/07/EDEA-E-Guards-For-Blade-S-PLAYFUL-CoralFluo-1024x1024.webp|https://skatesus.com/wp-content/uploads/2026/07/EDEA-E-Guards-For-Blade-S-PLAYFUL-CoralFluo-768x768.webp|https://skatesus.com/wp-content/uploads/2026/07/EDEA-E-Guards-For-Blade-S-PLAYFUL-CoralFluo-1536x1536.webp"
"prod_accessory_049","Bauer","BAUER Premium Wheeled Hockey Bag","bauer-premium-wheeled-hockey-bag","3","https://www.thehockeyshop.com/products/bauer-premium-senior-wheel-hockey-bag","200","12","https://www.thehockeyshop.com/cdn/shop/files/wheeled-hockey-bags-bauer-premium-senior-wheel-hockey-bag-2024-1221791728_1200x630_crop_center.jpg?v=1777690748|https://www.thehockeyshop.com/cdn/shop/files/wheeled-hockey-bags-bauer-premium-senior-wheel-hockey-bag-2024-1221791728_%7Bwidth%7Dx.jpg?v=1777690748|https://www.thehockeyshop.com/cdn/shop/files/wheeled-hockey-bags-bauer-premium-senior-wheel-hockey-bag-2024-1221791728_1400x.jpg?v=1777690748|https://www.thehockeyshop.com/cdn/shop/files/wheeled-hockey-bags-bauer-premium-senior-wheel-hockey-bag-2024-1221791727_%7Bwidth%7Dx.jpg?v=1777690795|https://www.thehockeyshop.com/cdn/shop/files/wheeled-hockey-bags-bauer-premium-senior-wheel-hockey-bag-2024-1221791727_1400x.jpg?v=1777690795|https://www.thehockeyshop.com/cdn/shop/files/wheeled-hockey-bags-bauer-premium-senior-wheel-hockey-bag-2024-1221791728_400x.jpg?v=1777690748|https://www.thehockeyshop.com/cdn/shop/files/wheeled-hockey-bags-bauer-premium-senior-wheel-hockey-bag-2024-1221791727_400x.jpg?v=1777690795|https://www.thehockeyshop.com/cdn/shop/files/wheeled-hockey-bags-bauer-premium-senior-wheel-hockey-bag-2024-1221791728_grande.jpg?v=1777690748|https://www.thehockeyshop.com/cdn/shop/files/wheeled-hockey-bags-bauer-premium-senior-wheel-hockey-bag-2024-1221791727_grande.jpg?v=1777690795|https://www.thehockeyshop.com/cdn/shop/files/wheeled-hockey-bags-bauer-premium-senior-wheel-hockey-bag-2024-1221791728_1024x1024.jpg?v=1777690748|https://www.thehockeyshop.com/cdn/shop/files/wheeled-hockey-bags-bauer-premium-senior-wheel-hockey-bag-2024-1221791727_1024x1024.jpg?v=1777690795|https://cdn.shopify.com/s/files/1/0020/1585/4658/files/bauer-wheeled-hockey-bags-bauer-premium-senior-wheel-hockey-bag-black-wheeled-31221520334914.jpg?v=1708905395"
"prod_accessory_050","CCM","CCM Team Carry Bag Senior","ccm-team-carry-bag-senior","3","https://www.thehockeyshop.com/products/ccm-550-elite-senior-carry-hockey-bag","200","12","https://www.thehockeyshop.com/cdn/shop/files/carry-hockey-bags-ccm-550-elite-senior-carry-hockey-bag-1221774254_1200x630_crop_center.jpg?v=1771696777|https://www.thehockeyshop.com/cdn/shop/files/carry-hockey-bags-ccm-550-elite-senior-carry-hockey-bag-1221774254_%7Bwidth%7Dx.jpg?v=1771696777|https://www.thehockeyshop.com/cdn/shop/files/carry-hockey-bags-ccm-550-elite-senior-carry-hockey-bag-1221774254_1400x.jpg?v=1771696777|https://www.thehockeyshop.com/cdn/shop/files/carry-hockey-bags-ccm-550-elite-senior-carry-hockey-bag-1221774253_%7Bwidth%7Dx.jpg?v=1771696750|https://www.thehockeyshop.com/cdn/shop/files/carry-hockey-bags-ccm-550-elite-senior-carry-hockey-bag-1221774253_1400x.jpg?v=1771696750|https://www.thehockeyshop.com/cdn/shop/files/carry-hockey-bags-ccm-550-elite-senior-carry-hockey-bag-1221774252_%7Bwidth%7Dx.jpg?v=1771696657|https://www.thehockeyshop.com/cdn/shop/files/carry-hockey-bags-ccm-550-elite-senior-carry-hockey-bag-1221774252_1400x.jpg?v=1771696657|https://www.thehockeyshop.com/cdn/shop/files/carry-hockey-bags-ccm-550-elite-senior-carry-hockey-bag-1221774251_%7Bwidth%7Dx.jpg?v=1771696630|https://www.thehockeyshop.com/cdn/shop/files/carry-hockey-bags-ccm-550-elite-senior-carry-hockey-bag-1221774251_1400x.jpg?v=1771696630|https://www.thehockeyshop.com/cdn/shop/files/carry-hockey-bags-ccm-550-elite-senior-carry-hockey-bag-1221774254_400x.jpg?v=1771696777|https://www.thehockeyshop.com/cdn/shop/files/carry-hockey-bags-ccm-550-elite-senior-carry-hockey-bag-1221774253_400x.jpg?v=1771696750|https://www.thehockeyshop.com/cdn/shop/files/carry-hockey-bags-ccm-550-elite-senior-carry-hockey-bag-1221774252_400x.jpg?v=1771696657"
"prod_accessory_051","Warrior","Warrior Pro Hockey Backpack","warrior-pro-hockey-backpack","3","https://www.thehockeyshop.com/products/warrior-a20-wheel-backpack-hockey-bag","200","12","https://www.thehockeyshop.com/cdn/shop/files/backpack-hockey-bags-warrior-a20-wheel-backpack-hockey-bag-1253115964_1200x630_crop_center.png?v=1785958651|https://www.thehockeyshop.com/cdn/shop/files/backpack-hockey-bags-warrior-a20-wheel-backpack-hockey-bag-1253115964_%7Bwidth%7Dx.png?v=1785958651|https://www.thehockeyshop.com/cdn/shop/files/backpack-hockey-bags-warrior-a20-wheel-backpack-hockey-bag-1253115964_1400x.png?v=1785958651|https://www.thehockeyshop.com/cdn/shop/files/backpack-hockey-bags-warrior-a20-wheel-backpack-hockey-bag-1253115963_%7Bwidth%7Dx.png?v=1785958641|https://www.thehockeyshop.com/cdn/shop/files/backpack-hockey-bags-warrior-a20-wheel-backpack-hockey-bag-1253115963_1400x.png?v=1785958641|https://www.thehockeyshop.com/cdn/shop/files/backpack-hockey-bags-warrior-a20-wheel-backpack-hockey-bag-1253115964_400x.png?v=1785958651|https://www.thehockeyshop.com/cdn/shop/files/backpack-hockey-bags-warrior-a20-wheel-backpack-hockey-bag-1253115963_400x.png?v=1785958641|https://www.thehockeyshop.com/cdn/shop/files/backpack-hockey-bags-warrior-a20-wheel-backpack-hockey-bag-1253115964_grande.png?v=1785958651|https://www.thehockeyshop.com/cdn/shop/files/backpack-hockey-bags-warrior-a20-wheel-backpack-hockey-bag-1253115964_1024x1024.png?v=1785958651|https://www.thehockeyshop.com/cdn/shop/files/backpack-hockey-bags-warrior-a20-wheel-backpack-hockey-bag-1253115963_1024x1024.png?v=1785958641|https://www.thehockeyshop.com/cdn/shop/files/best-price-promise_21be7cc6-af67-4c5e-a5b2-2aa37ec671bd_648x.webp?v=1777801106|https://www.thehockeyshop.com/cdn/shop/files/proudly-canadian-shipping-worldwide_870bc67e-6f68-40f8-9115-232488c9605f_648x.webp?v=1777801099"
"prod_accessory_052","Bauer","BAUER Prodigy Youth Hockey Stick Bag","bauer-prodigy-youth-hockey-stick-bag","3","https://www.thehockeyshop.com/products/bauer-individual-hockey-stick-bag","200","12","https://www.thehockeyshop.com/cdn/shop/files/stick-bags-bauer-individual-hockey-stick-bag-1221778292_1200x630_crop_center.jpg?v=1777765306|https://www.thehockeyshop.com/cdn/shop/files/stick-bags-bauer-individual-hockey-stick-bag-1221778292_%7Bwidth%7Dx.jpg?v=1777765306|https://www.thehockeyshop.com/cdn/shop/files/stick-bags-bauer-individual-hockey-stick-bag-1221778292_1400x.jpg?v=1777765306|https://www.thehockeyshop.com/cdn/shop/files/stick-bags-bauer-individual-hockey-stick-bag-1221778291_%7Bwidth%7Dx.jpg?v=1771844471|https://www.thehockeyshop.com/cdn/shop/files/stick-bags-bauer-individual-hockey-stick-bag-1221778291_1400x.jpg?v=1771844471|https://www.thehockeyshop.com/cdn/shop/files/stick-bags-bauer-individual-hockey-stick-bag-1221778292_400x.jpg?v=1777765306|https://www.thehockeyshop.com/cdn/shop/files/stick-bags-bauer-individual-hockey-stick-bag-1221778291_400x.jpg?v=1771844471|https://www.thehockeyshop.com/cdn/shop/files/stick-bags-bauer-individual-hockey-stick-bag-1221778292_grande.jpg?v=1777765306|https://www.thehockeyshop.com/cdn/shop/files/stick-bags-bauer-individual-hockey-stick-bag-1221778292_1024x1024.jpg?v=1777765306|https://www.thehockeyshop.com/cdn/shop/files/stick-bags-bauer-individual-hockey-stick-bag-1221778291_1024x1024.jpg?v=1771844471|https://cdn.shopify.com/s/files/1/0020/1585/4658/files/bauer-stick-bags-bauer-individual-hockey-stick-bag-black-32856946606146.jpg?v=1738391011|https://www.thehockeyshop.com/cdn/shop/files/shipping-delivery-pickup_e9355e4b-d9b7-4e68-bde6-80820ee7cd2c_648x.webp?v=1777801115"
"prod_apparel_053","Bauer","Bauer Team Fleece Full Zip Senior Hoody (2023)","bauer-vapor-team-hoodie-adult","3","https://www.thehockeyshop.com/products/bauer-team-fleece-full-zip-senior-hoody","200","12","https://www.thehockeyshop.com/cdn/shop/files/jackets-bauer-team-fleece-full-zip-senior-hoody-1221769708_1200x630_crop_center.gif?v=1771736559|https://www.thehockeyshop.com/cdn/shop/files/jackets-bauer-team-fleece-full-zip-senior-hoody-1221769708_%7Bwidth%7Dx.gif?v=1771736559|https://www.thehockeyshop.com/cdn/shop/files/jackets-bauer-team-fleece-full-zip-senior-hoody-1221769708_1400x.gif?v=1771736559|https://www.thehockeyshop.com/cdn/shop/files/jackets-bauer-team-fleece-full-zip-senior-hoody-1221769707_%7Bwidth%7Dx.gif?v=1771574079|https://www.thehockeyshop.com/cdn/shop/files/jackets-bauer-team-fleece-full-zip-senior-hoody-1221769707_1400x.gif?v=1771574079|https://www.thehockeyshop.com/cdn/shop/files/jackets-bauer-team-fleece-full-zip-senior-hoody-1221769706_%7Bwidth%7Dx.gif?v=1771574049|https://www.thehockeyshop.com/cdn/shop/files/jackets-bauer-team-fleece-full-zip-senior-hoody-1221769706_1400x.gif?v=1771574049|https://www.thehockeyshop.com/cdn/shop/files/jackets-bauer-team-fleece-full-zip-senior-hoody-1221769705_%7Bwidth%7Dx.gif?v=1771736531|https://www.thehockeyshop.com/cdn/shop/files/jackets-bauer-team-fleece-full-zip-senior-hoody-1221769705_1400x.gif?v=1771736531|https://www.thehockeyshop.com/cdn/shop/files/jackets-bauer-team-fleece-full-zip-senior-hoody-1221769708_400x.gif?v=1771736559|https://www.thehockeyshop.com/cdn/shop/files/jackets-bauer-team-fleece-full-zip-senior-hoody-1221769707_400x.gif?v=1771574079|https://www.thehockeyshop.com/cdn/shop/files/jackets-bauer-team-fleece-full-zip-senior-hoody-1221769706_400x.gif?v=1771574049"
"prod_apparel_054","Warrior","Warrior Alpha X Tech short sleeve T-shirt Black","warrior-team-tech-tee-adult","3","https://www.tradeinn.com/hockey/en/warrior-alpha-x-tech-short-sleeve-t-shirt/140363090/p","200","12","https://www.tradeinn.com/f/14036/140363090/warrior-alpha-x-tech-short-sleeve-t-shirt.webp|https://www.tradeinn.com/m/14036/140363090/warrior-alpha-x-tech-short-sleeve-t-shirt.jpg|https://www.tradeinn.com/m/14036/140363090/warrior-alpha-x-tech-short-sleeve-t-shirt.webp|https://www.tradeinn.com/m/14036/140363090_2/warrior-alpha-x-tech-short-sleeve-t-shirt.webp|https://www.tradeinn.com/m/14036/140363090_3/warrior-alpha-x-tech-short-sleeve-t-shirt.webp|https://www.tradeinn.com/m/14036/140363090_4/warrior-alpha-x-tech-short-sleeve-t-shirt.webp|https://www.tradeinn.com/f/14036/140363090_2/warrior-alpha-x-tech-short-sleeve-t-shirt.webp|https://www.tradeinn.com/f/14036/140363090_3/warrior-alpha-x-tech-short-sleeve-t-shirt.webp|https://www.tradeinn.com/f/14036/140363090_4/warrior-alpha-x-tech-short-sleeve-t-shirt.webp|https://www.tradeinn.com/d/14036/140363090/warrior-alpha-x-tech-short-sleeve-t-shirt.webp|https://storage.googleapis.com/tradeinn-images/web/web/flechabannerhp_izq_gris.svg|https://storage.googleapis.com/tradeinn-images/web/web/flechabannerhp_der_gris.svg"
"prod_apparel_055","CCM","S24 Bauer Team Senior Midweight Jacket","ccm-team-training-jacket-adult","3","https://www.thehockeyshop.com/products/s24-bauer-team-senior-midweight-jacket","200","12","https://www.thehockeyshop.com/cdn/shop/files/jackets-s24-bauer-team-senior-midweight-jacket-1221788470_1200x630_crop_center.jpg?v=1777710201|https://www.thehockeyshop.com/cdn/shop/files/jackets-s24-bauer-team-senior-midweight-jacket-1221788470_%7Bwidth%7Dx.jpg?v=1777710201|https://www.thehockeyshop.com/cdn/shop/files/jackets-s24-bauer-team-senior-midweight-jacket-1221788470_1400x.jpg?v=1777710201|https://www.thehockeyshop.com/cdn/shop/files/jackets-s24-bauer-team-senior-midweight-jacket-1221788469_%7Bwidth%7Dx.jpg?v=1777710207|https://www.thehockeyshop.com/cdn/shop/files/jackets-s24-bauer-team-senior-midweight-jacket-1221788469_1400x.jpg?v=1777710207|https://www.thehockeyshop.com/cdn/shop/files/jackets-s24-bauer-team-senior-midweight-jacket-1221788470_400x.jpg?v=1777710201|https://www.thehockeyshop.com/cdn/shop/files/jackets-s24-bauer-team-senior-midweight-jacket-1221788469_400x.jpg?v=1777710207|https://www.thehockeyshop.com/cdn/shop/files/jackets-s24-bauer-team-senior-midweight-jacket-1221788470_grande.jpg?v=1777710201|https://www.thehockeyshop.com/cdn/shop/files/jackets-s24-bauer-team-senior-midweight-jacket-1221788469_grande.jpg?v=1777710207|https://www.thehockeyshop.com/cdn/shop/files/jackets-s24-bauer-team-senior-midweight-jacket-1221788470_1024x1024.jpg?v=1777710201|https://www.thehockeyshop.com/cdn/shop/files/jackets-s24-bauer-team-senior-midweight-jacket-1221788469_1024x1024.jpg?v=1777710207|https://cdn.shopify.com/s/files/1/0020/1585/4658/files/bauer-jackets-s24-bauer-team-senior-midweight-jacket-black-m-32697008455746.jpg?v=1735889362"
"prod_skate_058","CCM","CCM Tacks XR Senior Hockey Skates","ccm-ribcor-100k-pro-skates-senior","4","https://www.thehockeyshop.com/products/ccm-tacks-xr-senior-hockey-skates","200","12","https://www.thehockeyshop.com/cdn/shop/files/hockey-skates-ccm-tacks-xr-senior-hockey-skates-1234052445_1200x630_crop_center.jpg?v=1776945500|https://www.thehockeyshop.com/cdn/shop/files/hockey-skates-ccm-tacks-xr-senior-hockey-skates-1234052445_%7Bwidth%7Dx.jpg?v=1776945500|https://www.thehockeyshop.com/cdn/shop/files/hockey-skates-ccm-tacks-xr-senior-hockey-skates-1234052445_1400x.jpg?v=1776945500|https://www.thehockeyshop.com/cdn/shop/files/hockey-skates-ccm-tacks-xr-senior-hockey-skates-1234052314_%7Bwidth%7Dx.jpg?v=1776945528|https://www.thehockeyshop.com/cdn/shop/files/hockey-skates-ccm-tacks-xr-senior-hockey-skates-1234052314_1400x.jpg?v=1776945528|https://www.thehockeyshop.com/cdn/shop/files/hockey-skates-ccm-tacks-xr-senior-hockey-skates-1234052303_%7Bwidth%7Dx.jpg?v=1776945439|https://www.thehockeyshop.com/cdn/shop/files/hockey-skates-ccm-tacks-xr-senior-hockey-skates-1234052303_1400x.jpg?v=1776945439|https://www.thehockeyshop.com/cdn/shop/files/hockey-skates-ccm-tacks-xr-senior-hockey-skates-1234052313_%7Bwidth%7Dx.jpg?v=1776945469|https://www.thehockeyshop.com/cdn/shop/files/hockey-skates-ccm-tacks-xr-senior-hockey-skates-1234052313_1400x.jpg?v=1776945469|https://www.thehockeyshop.com/cdn/shop/files/hockey-skates-ccm-tacks-xr-senior-hockey-skates-1234052312_%7Bwidth%7Dx.jpg?v=1776945586|https://www.thehockeyshop.com/cdn/shop/files/hockey-skates-ccm-tacks-xr-senior-hockey-skates-1234052312_1400x.jpg?v=1776945586|https://www.thehockeyshop.com/cdn/shop/files/hockey-skates-ccm-tacks-xr-senior-hockey-skates-1234052311_%7Bwidth%7Dx.jpg?v=1776945377"
"prod_stick_061","Bauer","BAUER Nexus Tracer Stick Senior","bauer-nexus-tracer-stick-senior","3","https://www.bauer.com/products/nexus-tracer-stick-senior","200","12","http://www.bauer.com/cdn/shop/files/NEXUS_STICK_TRACER_SR_351x428_811b4a44-6fd2-430b-9712-a402b903753b.png?v=1775749465|https://www.bauer.com/cdn/shop/files/NEXUS_STICK_TRACER_SR_351x428_811b4a44-6fd2-430b-9712-a402b903753b.png?v=1775749465|https://www.bauer.com/cdn/shop/files/NEXUS_STICK_TRACER_SR_351x428_811b4a44-6fd2-430b-9712-a402b903753b_1946x.png?v=1775749465|https://www.bauer.com/cdn/shop/files/1063695_BTH24_STICK_NEXUS_TRACER_SR_catalog-front_1946x.png?v=1775749465|https://www.bauer.com/cdn/shop/files/1063695_BTH24_STICK_NEXUS_TRACER_SR_front-angled_edit_REV_1946x.png?v=1775749465|https://www.bauer.com/cdn/shop/files/1063695_BTH24_STICK_NEXUS_TRACER_SR_back-angled-1_edit_1946x.png?v=1775749465|https://www.bauer.com/cdn/shop/files/1063695_BTH24_STICK_NEXUS_TRACER_SR_back-angled-2_edit_1946x.png?v=1775749465|https://www.bauer.com/cdn/shop/files/NEXUS_STICK_TRACER_SR_351x428_811b4a44-6fd2-430b-9712-a402b903753b_1445x.png?v=1775749465|https://www.bauer.com/cdn/shop/files/1063695_BTH24_STICK_NEXUS_TRACER_SR_catalog-front_1445x.png?v=1775749465|https://www.bauer.com/cdn/shop/files/1063695_BTH24_STICK_NEXUS_TRACER_SR_front-angled_edit_REV_1445x.png?v=1775749465|https://www.bauer.com/cdn/shop/files/1063695_BTH24_STICK_NEXUS_TRACER_SR_back-angled-1_edit_1445x.png?v=1775749465|https://www.bauer.com/cdn/shop/files/1063695_BTH24_STICK_NEXUS_TRACER_SR_back-angled-2_edit_1445x.png?v=1775749465"
"prod_stick_062","Bauer","BAUER Vapor Flylite Stick Senior","bauer-vapor-flylite-stick-senior","3","https://www.bauer.com/products/mybauer-vapor-flylite-grip-stick-senior","200","12","https://www.bauer.com/cdn/shop/files/VAPOR_FLYLITE_PDP_STICK_BLOCK1_550x.jpg?v=1749051897|https://www.bauer.com/cdn/shop/files/VAPOR_FLYLITE_PDP_STICK_BLOCK2_550x.jpg?v=1749051896|https://www.bauer.com/cdn/shop/files/VAPOR_FLYLITE_PDP_STICK_BLOCK3_550x.jpg?v=1749051897|https://www.bauer.com/cdn/shop/files/navigation-promo-banner-skates-vapor-flylite-limited-edition-white_500x.jpg?v=1787870435|https://www.bauer.com/cdn/shop/files/navigation-promo-banner-skates-vapor-flylite-limited-edition-white_500x@2x.jpg?v=1787870435|https://www.bauer.com/cdn/shop/files/navigation-promo-banner-skates-vapor-flylite-limited-edition-white_500x@3x.jpg?v=1787870435|https://www.bauer.com/cdn/shop/files/nav-promo-banner-roller-vapor-flylite-2026_500x.jpg?v=1773172009|https://www.bauer.com/cdn/shop/files/nav-promo-banner-roller-vapor-flylite-2026_500x@2x.jpg?v=1773172009|https://www.bauer.com/cdn/shop/files/nav-promo-banner-roller-vapor-flylite-2026_500x@3x.jpg?v=1773172009|https://www.bauer.com/cdn/shop/files/navigation-promo-banner-bags-backpacks-youth-glove-2026.jpg?v=1780062720&width=260|https://www.bauer.com/cdn/shop/files/navigation-promo-banner-sticks-pulse-2-overlay_500x.jpg?v=1788379968|https://www.bauer.com/cdn/shop/files/navigation-promo-banner-sticks-pulse-2-overlay_500x@2x.jpg?v=1788379968"
"prod_stick_063","CCM","CCM Tacks XF Pro Stick Senior","ccm-tacks-xf-pro-stick-senior","4","https://www.thehockeyshop.com/products/ccm-tacks-xf-pro-senior-hockey-stick","200","12","https://www.thehockeyshop.com/cdn/shop/files/hockey-sticks-ccm-tacks-xf-pro-senior-hockey-stick-1257013820_1200x630_crop_center.jpg?v=1788487414|https://www.thehockeyshop.com/cdn/shop/files/hockey-sticks-ccm-tacks-xf-pro-senior-hockey-stick-1257013820_%7Bwidth%7Dx.jpg?v=1788487414|https://www.thehockeyshop.com/cdn/shop/files/hockey-sticks-ccm-tacks-xf-pro-senior-hockey-stick-1257013820_1400x.jpg?v=1788487414|https://www.thehockeyshop.com/cdn/shop/files/hockey-sticks-ccm-tacks-xf-pro-senior-hockey-stick-1221787727_%7Bwidth%7Dx.jpg?v=1777714982|https://www.thehockeyshop.com/cdn/shop/files/hockey-sticks-ccm-tacks-xf-pro-senior-hockey-stick-1221787727_1400x.jpg?v=1777714982|https://www.thehockeyshop.com/cdn/shop/files/hockey-sticks-ccm-tacks-xf-pro-senior-hockey-stick-1221787726_%7Bwidth%7Dx.jpg?v=1777714976|https://www.thehockeyshop.com/cdn/shop/files/hockey-sticks-ccm-tacks-xf-pro-senior-hockey-stick-1221787726_1400x.jpg?v=1777714976|https://www.thehockeyshop.com/cdn/shop/files/hockey-sticks-ccm-tacks-xf-pro-senior-hockey-stick-1221787725_%7Bwidth%7Dx.jpg?v=1777714985|https://www.thehockeyshop.com/cdn/shop/files/hockey-sticks-ccm-tacks-xf-pro-senior-hockey-stick-1221787725_1400x.jpg?v=1777714985|https://www.thehockeyshop.com/cdn/shop/files/hockey-sticks-ccm-tacks-xf-pro-senior-hockey-stick-1221787724_%7Bwidth%7Dx.jpg?v=1777714983|https://www.thehockeyshop.com/cdn/shop/files/hockey-sticks-ccm-tacks-xf-pro-senior-hockey-stick-1221787724_1400x.jpg?v=1777714983|https://www.thehockeyshop.com/cdn/shop/files/hockey-sticks-ccm-tacks-xf-pro-senior-hockey-stick-1221787723_%7Bwidth%7Dx.jpg?v=1777714993"
"prod_stick_064","Warrior","Warrior Novium 2 Pro Stick Senior","warrior-novium-2-pro-stick-senior","4","https://www.warrior.com/en/product/novium2-pro-70-sr-stick","200","12","https://cdn.warrior.com/cdn-cgi/image/width=1000,quality=82,format=auto,fit=cover/production/image/Content/Nav/Hockey-Goalie-Sticks.png|https://cdn.warrior.com/cdn-cgi/image/width=1000,quality=82,format=auto,fit=cover/production/image/Warrior-Hockey-Novium-Collection-3.jpg|https://cdn.warrior.com/cdn-cgi/image/width=1200,height=630,quality=82,format=auto,fit=cover/production/image/Products/Hockey/N2P704_W03_P_1.png?mtime=1778584278|https://cdn.warrior.com/cdn-cgi/image/width=1000,quality=82,format=auto,fit=cover/production/image/Products/Hockey/N2P704_W03_P_1.png|https://cdn.warrior.com/cdn-cgi/image/width=1000,quality=82,format=auto,fit=cover/production/image/Products/Hockey/N2P704_W03_A_1.png|https://cdn.warrior.com/cdn-cgi/image/width=1000,quality=82,format=auto,fit=cover/production/image/Products/Hockey/N2P704_W28_P_1.png|https://cdn.warrior.com/cdn-cgi/image/width=1000,quality=82,format=auto,fit=cover/production/image/Products/Hockey/N2P704_W28_A_1.png|https://cdn.warrior.com/cdn-cgi/image/width=1000,quality=82,format=auto,fit=cover/production/image/Products/Hockey/N2P704_W88_P_1.png|https://cdn.warrior.com/cdn-cgi/image/width=1000,quality=82,format=auto,fit=cover/production/image/Products/Hockey/N2P704_W88_A_1.png|https://cdn.warrior.com/cdn-cgi/image/width=1000,quality=82,format=auto,fit=cover/production/image/Products/Hockey/N2P704_W9T_P_1.png|https://cdn.warrior.com/cdn-cgi/image/width=1000,quality=82,format=auto,fit=cover/production/image/Products/Hockey/N2P704_W9T_A_1.png|https://cdn.warrior.com/cdn-cgi/image/width=1000,quality=82,format=auto,fit=cover/production/image/Products/Hockey/N2P704_M03_P_1.png"
"prod_stick_065","Warrior","Warrior Covert QR6 Pro Stick Senior","warrior-covert-qr6-pro-stick-senior","3","https://ushockeysupply.com/products/warrior-covert-qr6-pro-senior-hockey-stick","200","12","https://ushockeysupply.com/cdn/shop/files/Warrior_W88_2024_%7Bwidth%7Dx.png?v=1718914720|https://ushockeysupply.com/cdn/shop/files/Warrior_W88_2024_110x110@2x.png?v=1718914720|http://ushockeysupply.com/cdn/shop/files/rs_070455c9-15ec-48d5-bc16-b6053869f658.png?v=1723148315|https://ushockeysupply.com/cdn/shop/files/rs_070455c9-15ec-48d5-bc16-b6053869f658.png?v=1723148315|https://ushockeysupply.com/cdn/shop/files/rs_070455c9-15ec-48d5-bc16-b6053869f658_%7Bwidth%7Dx.png?v=1723148315|https://ushockeysupply.com/cdn/shop/files/rs_2_54e4f2d6-a88e-4490-bd5d-90bc2f99f97b_%7Bwidth%7Dx.png?v=1723148314|https://ushockeysupply.com/cdn/shop/files/rs_3_3d7dcd37-71c6-4437-b7cf-74a2bf4d7c29_%7Bwidth%7Dx.png?v=1723148314|https://ushockeysupply.com/cdn/shop/files/rs_4_6618bdae-e742-4be4-b558-11694cb9fab4_%7Bwidth%7Dx.png?v=1723148314|https://ushockeysupply.com/cdn/shop/files/rs_5_805538a4-c3ac-4516-945c-587f36ffc303_%7Bwidth%7Dx.png?v=1723148314|https://ushockeysupply.com/cdn/shop/files/rs_070455c9-15ec-48d5-bc16-b6053869f658_345x@2x.png?v=1723148315|https://ushockeysupply.com/cdn/shop/files/rs_070455c9-15ec-48d5-bc16-b6053869f658_110x110@2x.png?v=1723148315|https://ushockeysupply.com/cdn/shop/files/rs_2_54e4f2d6-a88e-4490-bd5d-90bc2f99f97b_110x110@2x.png?v=1723148314"
"prod_protective_more_071","Warrior","Warrior Alpha LX Pro Senior Shin Guard","warrior-alpha-lx2-pro-shin-guards-senior","2","https://www.crowssports.com/products/warrior-alpha-lx-pro-senior-shin-guard","200","12","https://www.crowssports.com/cdn/shop/products/lxproshin_1200x2125.png?v=1647885442|https://www.crowssports.com/cdn/shop/products/lxproshin_1200x1200_crop_center.png?v=1647885442|https://www.crowssports.com/cdn/shop/products/lxproshin_305x540.png?v=1647885442|https://www.crowssports.com/cdn/shop/products/lxproshin_43x75_crop_center.png?v=1647885442|https://www.crowssports.com/cdn/shop/products/lxproshin_86x150_crop_center.png?v=1647885442|https://www.crowssports.com/cdn/shop/products/lxproshin_129x225_crop_center.png?v=1647885442|https://www.crowssports.com/cdn/shop/products/lxproshin_172x300_crop_center.png?v=1647885442|https://www.crowssports.com/cdn/shop/products/lxproshin_1024x1024.png?v=1647885442|https://www.crowssports.com/cdn/shop/files/Bauer_SocialPost_2024_Tracer_Stick_Launch_Carousel_1080x1350_FINAL_06_900x1128.jpg?v=1722375849|https://www.crowssports.com/cdn/shop/files/Bauer_SocialPost_2024_Tracer_Stick_Launch_Carousel_1080x1350_FINAL_06_1200x1504.jpg?v=1722375849|https://www.crowssports.com/cdn/shop/files/Bauer_SocialPost_2024_Tracer_Stick_Launch_Carousel_1080x1350_FINAL_06_300x376.jpg?v=1722375849|https://www.crowssports.com/cdn/shop/files/Bauer_SocialPost_2024_Tracer_Stick_Launch_Carousel_1080x1350_FINAL_06_600x752.jpg?v=1722375849"
"prod_goalie_more_074","Bauer","BAUER Vapor Hyperlite 2 Goalie Pads Senior","bauer-vapor-hyperlite-2-goalie-pads-senior","3","https://www.thehockeyshop.com/products/bauer-vapor-hyperlite-custom-goalie-leg-pads","200","12","https://www.thehockeyshop.com/cdn/shop/products/leg-pads-bauer-vapor-hyperlite-custom-goalie-leg-pads-1221740967_1200x630_crop_center.jpg?v=1777162648|https://www.thehockeyshop.com/cdn/shop/products/leg-pads-bauer-vapor-hyperlite-custom-goalie-leg-pads-1221740967_%7Bwidth%7Dx.jpg?v=1777162648|https://www.thehockeyshop.com/cdn/shop/products/leg-pads-bauer-vapor-hyperlite-custom-goalie-leg-pads-1221740967_1400x.jpg?v=1777162648|https://www.thehockeyshop.com/cdn/shop/products/leg-pads-bauer-vapor-hyperlite-custom-goalie-leg-pads-1221740967_grande.jpg?v=1777162648|https://www.thehockeyshop.com/cdn/shop/products/leg-pads-bauer-vapor-hyperlite-custom-goalie-leg-pads-1221740967_1024x1024.jpg?v=1777162648|https://cdn.shopify.com/s/files/1/0020/1585/4658/products/bauer-leg-pads-bauer-vapor-hyperlite-custom-goalie-leg-pads-28759145316418.jpg?v=1681730290|https://cdn.shopify.com/s/files/1/0020/1585/4658/files/custom-bauer-mybauer-vapor-hyperlite-goalie-set.jpg?v=1617732649|https://cdn.shopify.com/s/files/1/0020/1585/4658/files/custom-bauer-mybauer-vapor-hyperlite-savetoorder.jpg?v=1617732649|https://cdn.shopify.com/s/files/1/0020/1585/4658/files/custom-bauer-mybauer-vapor-hyperlite-recipeIDnumber.jpg?v=1617732649|https://cdn.shopify.com/s/files/1/0020/1585/4658/files/custom-bauer-mybauer-mainscreen.jpg?v=1617732649|https://cdn.shopify.com/s/files/1/0020/1585/4658/files/custom-bauer-mybauer-thigh-flex.jpg?v=1617740264|https://cdn.shopify.com/s/files/1/0020/1585/4658/files/custom-bauer-mybauer-boot-flex.jpg?v=1617741989"
"prod_goalie_more_075","CCM","CCM AXIS F9 Goalie Glove Senior","ccm-axis-f9-goalie-glove-senior","3","https://www.thehockeyshop.com/products/ccm-axis-f9-senior-goalie-catcher","200","12","https://www.thehockeyshop.com/cdn/shop/files/catchers-ccm-axis-f9-senior-goalie-catcher-1221793007_1200x630_crop_center.jpg?v=1777688880|https://www.thehockeyshop.com/cdn/shop/files/catchers-ccm-axis-f9-senior-goalie-catcher-1221793007_%7Bwidth%7Dx.jpg?v=1777688880|https://www.thehockeyshop.com/cdn/shop/files/catchers-ccm-axis-f9-senior-goalie-catcher-1221793007_1400x.jpg?v=1777688880|https://www.thehockeyshop.com/cdn/shop/files/catchers-ccm-axis-f9-senior-goalie-catcher-1221793006_%7Bwidth%7Dx.jpg?v=1777688892|https://www.thehockeyshop.com/cdn/shop/files/catchers-ccm-axis-f9-senior-goalie-catcher-1221793006_1400x.jpg?v=1777688892|https://www.thehockeyshop.com/cdn/shop/files/catchers-ccm-axis-f9-senior-goalie-catcher-1221793005_%7Bwidth%7Dx.jpg?v=1777688886|https://www.thehockeyshop.com/cdn/shop/files/catchers-ccm-axis-f9-senior-goalie-catcher-1221793005_1400x.jpg?v=1777688886|https://www.thehockeyshop.com/cdn/shop/files/catchers-ccm-axis-f9-senior-goalie-catcher-1221793004_%7Bwidth%7Dx.jpg?v=1777688894|https://www.thehockeyshop.com/cdn/shop/files/catchers-ccm-axis-f9-senior-goalie-catcher-1221793004_1400x.jpg?v=1777688894|https://www.thehockeyshop.com/cdn/shop/files/catchers-ccm-axis-f9-senior-goalie-catcher-1221793003_%7Bwidth%7Dx.jpg?v=1777688898|https://www.thehockeyshop.com/cdn/shop/files/catchers-ccm-axis-f9-senior-goalie-catcher-1221793003_1400x.jpg?v=1777688898|https://www.thehockeyshop.com/cdn/shop/files/catchers-ccm-axis-f9-senior-goalie-catcher-1243541751_%7Bwidth%7Dx.jpg?v=1781055949"
"prod_goalie_more_076","Warrior","Warrior Ritual G7 Pro Goalie Pads Senior","warrior-ritual-g7-pro-goalie-pads-senior","4","https://www.thehockeyshop.com/products/warrior-rtl-g7-senior-goalie-leg-pads","200","12","https://www.thehockeyshop.com/cdn/shop/files/leg-pads-warrior-rtl-g7-senior-goalie-leg-pads-1221795951_1200x630_crop_center.jpg?v=1777670014|https://www.thehockeyshop.com/cdn/shop/files/leg-pads-warrior-rtl-g7-senior-goalie-leg-pads-1221795951_%7Bwidth%7Dx.jpg?v=1777670014|https://www.thehockeyshop.com/cdn/shop/files/leg-pads-warrior-rtl-g7-senior-goalie-leg-pads-1221795951_1400x.jpg?v=1777670014|https://www.thehockeyshop.com/cdn/shop/files/leg-pads-warrior-rtl-g7-senior-goalie-leg-pads-1221795950_%7Bwidth%7Dx.jpg?v=1777670007|https://www.thehockeyshop.com/cdn/shop/files/leg-pads-warrior-rtl-g7-senior-goalie-leg-pads-1221795950_1400x.jpg?v=1777670007|https://www.thehockeyshop.com/cdn/shop/files/leg-pads-warrior-rtl-g7-senior-goalie-leg-pads-1221795949_%7Bwidth%7Dx.jpg?v=1777670020|https://www.thehockeyshop.com/cdn/shop/files/leg-pads-warrior-rtl-g7-senior-goalie-leg-pads-1221795949_1400x.jpg?v=1777670020|https://www.thehockeyshop.com/cdn/shop/files/leg-pads-warrior-rtl-g7-senior-goalie-leg-pads-1221795948_%7Bwidth%7Dx.jpg?v=1777670027|https://www.thehockeyshop.com/cdn/shop/files/leg-pads-warrior-rtl-g7-senior-goalie-leg-pads-1221795948_1400x.jpg?v=1777670027|https://www.thehockeyshop.com/cdn/shop/files/leg-pads-warrior-rtl-g7-senior-goalie-leg-pads-1221795947_%7Bwidth%7Dx.jpg?v=1777670038|https://www.thehockeyshop.com/cdn/shop/files/leg-pads-warrior-rtl-g7-senior-goalie-leg-pads-1221795947_1400x.jpg?v=1777670038|https://www.thehockeyshop.com/cdn/shop/files/leg-pads-warrior-rtl-g7-senior-goalie-leg-pads-1221795946_%7Bwidth%7Dx.jpg?v=1777670035"
"prod_goalie_more_077","Bauer","BAUER Supreme M5 Pro Goalie Blocker Senior","bauer-supreme-m5-pro-goalie-blocker-senior","3","https://www.thehockeyshop.com/products/bauer-supreme-fuse-senior-goalie-blocker","200","12","https://www.thehockeyshop.com/cdn/shop/files/blockers-bauer-supreme-fuse-senior-goalie-blocker-1228631296_1200x630_crop_center.jpg?v=1774272070|https://www.thehockeyshop.com/cdn/shop/files/blockers-bauer-supreme-fuse-senior-goalie-blocker-1228631296_%7Bwidth%7Dx.jpg?v=1774272070|https://www.thehockeyshop.com/cdn/shop/files/blockers-bauer-supreme-fuse-senior-goalie-blocker-1228631296_1400x.jpg?v=1774272070|https://www.thehockeyshop.com/cdn/shop/files/blockers-bauer-supreme-fuse-senior-goalie-blocker-1248534876_%7Bwidth%7Dx.jpg?v=1783733877|https://www.thehockeyshop.com/cdn/shop/files/blockers-bauer-supreme-fuse-senior-goalie-blocker-1248534876_1400x.jpg?v=1783733877|https://www.thehockeyshop.com/cdn/shop/files/blockers-bauer-supreme-fuse-senior-goalie-blocker-1248534877_%7Bwidth%7Dx.jpg?v=1783733867|https://www.thehockeyshop.com/cdn/shop/files/blockers-bauer-supreme-fuse-senior-goalie-blocker-1248534877_1400x.jpg?v=1783733867|https://www.thehockeyshop.com/cdn/shop/files/blockers-bauer-supreme-fuse-senior-goalie-blocker-1248534874_%7Bwidth%7Dx.jpg?v=1783733858|https://www.thehockeyshop.com/cdn/shop/files/blockers-bauer-supreme-fuse-senior-goalie-blocker-1248534874_1400x.jpg?v=1783733858|https://www.thehockeyshop.com/cdn/shop/files/blockers-bauer-supreme-fuse-senior-goalie-blocker-1248534875_%7Bwidth%7Dx.jpg?v=1783733848|https://www.thehockeyshop.com/cdn/shop/files/blockers-bauer-supreme-fuse-senior-goalie-blocker-1248534875_1400x.jpg?v=1783733848|https://www.thehockeyshop.com/cdn/shop/files/blockers-bauer-supreme-fuse-senior-goalie-blocker-1248534878_%7Bwidth%7Dx.jpg?v=1783733839"
"prod_figacc_more_084","Jackson","Jackson Ultima Legacy 8 Figure Blade","jackson-ultima-legacy-8-figure-blade","3","https://jacksonultima.com/products/legacy-8","200","12","http://jacksonultima.com/cdn/shop/files/UB80_legacy_8Right_1200x1200.png?v=1752518123|https://jacksonultima.com/cdn/shop/files/UB80_legacy_8Right_1200x1200.png?v=1752518123|https://jacksonultima.com/cdn/shop/files/UB80_legacy_8Right.png?v=1752518123&width=1800|https://jacksonultima.com/cdn/shop/files/UB80_legacy_8Right.png?v=1752518123&width=2048|http://jacksonultima.com/cdn/shop/files/UB80Copy_3bbb4688-dbb8-45e7-9ab8-da9d95b8df36_1200x1200.jpg?v=1752518123|https://jacksonultima.com/cdn/shop/files/UB80Copy_3bbb4688-dbb8-45e7-9ab8-da9d95b8df36_1200x1200.jpg?v=1752518123|https://jacksonultima.com/cdn/shop/files/UB80Copy_3bbb4688-dbb8-45e7-9ab8-da9d95b8df36.jpg?v=1752518123&width=1800|https://jacksonultima.com/cdn/shop/files/UB80Copy_3bbb4688-dbb8-45e7-9ab8-da9d95b8df36.jpg?v=1752518123&width=2048|https://jacksonultima.com/cdn/shop/files/UB80_legacy_8Right.png?v=1752518123&width=375|https://jacksonultima.com/cdn/shop/files/UB80_legacy_8Right.png?v=1752518123&width=550|https://jacksonultima.com/cdn/shop/files/UB80_legacy_8Right.png?v=1752518123&width=768|https://jacksonultima.com/cdn/shop/files/UB80_legacy_8Right.png?v=1752518123&width=1024"
"prod_figacc_more_085","Jackson","Jackson Ultima Apex Elite Figure Blade","jackson-ultima-apex-elite-figure-blade","3","https://jacksonultima.com/products/apex-advanced","200","12","http://jacksonultima.com/cdn/shop/files/TB150_OutsideLeft_1200x1200.png?v=1751920366|http://jacksonultima.com/cdn/shop/files/TB150_OutsideRight_1200x1200.jpg?v=1752505071|https://jacksonultima.com/cdn/shop/files/TB150_OutsideLeft_1200x1200.png?v=1751920366|https://jacksonultima.com/cdn/shop/files/TB150_OutsideRight_1200x1200.jpg?v=1752505071|https://jacksonultima.com/cdn/shop/files/TB150_OutsideLeft.png?v=1751920366&width=1800|https://jacksonultima.com/cdn/shop/files/TB150_OutsideLeft.png?v=1751920366&width=2048|https://jacksonultima.com/cdn/shop/files/TB150_OutsideRight.jpg?v=1752505071&width=1800|https://jacksonultima.com/cdn/shop/files/TB150_OutsideRight.jpg?v=1752505071&width=2048|https://jacksonultima.com/cdn/shop/files/TB150_OutsideLeft.png?v=1751920366&width=375|https://jacksonultima.com/cdn/shop/files/TB150_OutsideLeft.png?v=1751920366&width=550|https://jacksonultima.com/cdn/shop/files/TB150_OutsideLeft.png?v=1751920366&width=768|https://jacksonultima.com/cdn/shop/files/TB150_OutsideLeft.png?v=1751920366&width=1024"
"prod_figacc_more_086","Edea","Edea Spinner Off-Ice Training Tool","edea-spinner-off-ice-training-tool","3","https://skatesus.com/product/edea-spinner-rotation-roller-figure-skating-training-tool/","200","12","https://skatesus.com/wp-content/uploads/2023/04/EDEA-Spinner-For-Training-900x900.webp|https://skatesus.com/wp-content/uploads/2023/04/EDEA-Spinner-For-Training-Tootsy-900x900.webp|https://skatesus.com/wp-content/uploads/2023/04/EDEA-Spinner-For-Training-Sweet-900x900.webp|https://skatesus.com/wp-content/uploads/2023/04/EDEA-Spinner-For-Training-Stella-900x900.webp|https://skatesus.com/wp-content/uploads/2023/04/EDEA-Spinner-For-Training-Lollipop-900x900.webp|https://skatesus.com/wp-content/uploads/2023/04/EDEA-Spinner-For-Training-Leopard-900x900.webp|https://skatesus.com/wp-content/uploads/2023/04/EDEA-Spinner-For-Training-Ariel-900x900.webp|https://skatesus.com/wp-content/uploads/2023/04/EDEA-Spinner-For-Training-Amore-900x900.webp|https://skatesus.com/wp-content/uploads/2023/04/EDEA-Spinner-For-Training-Unicorn22-900x900.webp|https://skatesus.com/wp-content/uploads/2022/12/EDEA-Spinner-For-Training-Edea2024-900x898.webp|https://skatesus.com/wp-content/uploads/2022/12/EDEA-Spinner-For-Training-Flamingo-1-900x899.webp|https://skatesus.com/wp-content/uploads/2024/06/EDEA-Spinner-For-Training-Elephant-900x898.webp"
"prod_figacc_more_087","Edea","Edea Lace Straps","edea-lace-straps","2","https://skatesus.com/product/edea-lace-straps/","200","12","https://skatesus.com/wp-content/uploads/2022/12/EDEA-Laces-Straps-For-Boots-900x900.webp|https://skatesus.com/wp-content/uploads/2022/12/EDEA-Lace-Straps-Black-900x900.webp|https://skatesus.com/wp-content/uploads/2022/12/EDEA-Lace-Straps-White-900x900.webp|https://skatesus.com/wp-content/uploads/2022/12/EDEA-Laces-Straps-For-Boots.webp|https://skatesus.com/wp-content/uploads/2022/12/EDEA-Laces-Straps-For-Boots-500x500.webp|https://skatesus.com/wp-content/uploads/2022/12/EDEA-Laces-Straps-For-Boots-300x300.webp|https://skatesus.com/wp-content/uploads/2022/12/EDEA-Laces-Straps-For-Boots-1024x1024.webp|https://skatesus.com/wp-content/uploads/2022/12/EDEA-Laces-Straps-For-Boots-768x768.webp|https://skatesus.com/wp-content/uploads/2022/12/EDEA-Laces-Straps-For-Boots-1536x1536.webp|https://skatesus.com/wp-content/uploads/2022/12/EDEA-Lace-Straps-Black-300x300.webp|https://skatesus.com/wp-content/uploads/2022/12/EDEA-Lace-Straps-Black-500x500.webp|https://skatesus.com/wp-content/uploads/2022/12/EDEA-Lace-Straps-Black-1024x1024.webp"
"prod_accessory_more_088","Bauer","BAUER Pro Carry Bag Senior","bauer-pro-carry-bag-senior","2","https://www.thehockeyshop.com/products/bauer-core-senior-carry-hockey-bag","200","12","https://www.thehockeyshop.com/cdn/shop/files/carry-hockey-bags-bauer-core-senior-carry-hockey-bag-2024-1221792167_1200x630_crop_center.png?v=1777691488|https://www.thehockeyshop.com/cdn/shop/files/carry-hockey-bags-bauer-core-senior-carry-hockey-bag-2024-1221792167_%7Bwidth%7Dx.png?v=1777691488|https://www.thehockeyshop.com/cdn/shop/files/carry-hockey-bags-bauer-core-senior-carry-hockey-bag-2024-1221792167_1400x.png?v=1777691488|https://www.thehockeyshop.com/cdn/shop/files/carry-hockey-bags-bauer-core-senior-carry-hockey-bag-2024-1221792167_grande.png?v=1777691488|https://www.thehockeyshop.com/cdn/shop/files/carry-hockey-bags-bauer-core-senior-carry-hockey-bag-2024-1221792167_1024x1024.png?v=1777691488|https://cdn.shopify.com/s/files/1/0020/1585/4658/files/carry-hockey-bags-bauer-core-senior-carry-hockey-bag-2024-1221792167.png?v=1777691488|https://www.thehockeyshop.com/cdn/shop/files/best-price-promise_21be7cc6-af67-4c5e-a5b2-2aa37ec671bd_648x.webp?v=1777801106|https://www.thehockeyshop.com/cdn/shop/files/proudly-canadian-shipping-worldwide_870bc67e-6f68-40f8-9115-232488c9605f_648x.webp?v=1777801099|https://cdn.shopify.com/s/files/1/0020/1585/4658/files/GDFH-Footer-2023.jpg?v=1699041684|https://www.thehockeyshop.com/cdn/shop/files/shipping-delivery-pickup_e9355e4b-d9b7-4e68-bde6-80820ee7cd2c_648x.webp?v=1777801115|https://www.thehockeyshop.com/cdn/shop/files/hassle-free-exchanges_8302bdab-2f0d-4909-8863-48b7a0590564_648x.webp?v=1777801110|https://www.thehockeyshop.com/cdn/shop/t/228/assets/bag.svg?v=149984168706906757011778605153"
"prod_accessory_more_089","CCM","CCM Jetspeed Backpack","ccm-jetspeed-backpack","2","https://www.thehockeyshop.com/products/ccm-premium-backpack-bag","200","12","https://www.thehockeyshop.com/cdn/shop/files/backpacks-ccm-premium-backpack-bag-1221721516_1200x630_crop_center.png?v=1784773882|https://www.thehockeyshop.com/cdn/shop/files/backpacks-ccm-premium-backpack-bag-1221721516_%7Bwidth%7Dx.png?v=1784773882|https://www.thehockeyshop.com/cdn/shop/files/backpacks-ccm-premium-backpack-bag-1221721516_1400x.png?v=1784773882|https://www.thehockeyshop.com/cdn/shop/files/backpacks-ccm-premium-backpack-bag-1221721516_grande.png?v=1784773882|https://www.thehockeyshop.com/cdn/shop/files/backpacks-ccm-premium-backpack-bag-1221721516_1024x1024.png?v=1784773882|https://cdn.shopify.com/s/files/1/0020/1585/4658/files/ccm-backpacks-ccm-premium-backpack-bag-black-os-30701195460674.png?v=1724777224|https://cdn.shopify.com/s/files/1/0020/1585/4658/files/GDFH-Footer-2023.jpg?v=1699041684|https://www.thehockeyshop.com/cdn/shop/files/shipping-delivery-pickup_e9355e4b-d9b7-4e68-bde6-80820ee7cd2c_648x.webp?v=1777801115|https://www.thehockeyshop.com/cdn/shop/files/best-price-promise_21be7cc6-af67-4c5e-a5b2-2aa37ec671bd_648x.webp?v=1777801106|https://www.thehockeyshop.com/cdn/shop/files/hassle-free-exchanges_8302bdab-2f0d-4909-8863-48b7a0590564_648x.webp?v=1777801110|https://www.thehockeyshop.com/cdn/shop/files/proudly-canadian-shipping-worldwide_870bc67e-6f68-40f8-9115-232488c9605f_648x.webp?v=1777801099|https://www.thehockeyshop.com/cdn/shop/t/228/assets/search.svg?v=105237682411623949071778605156"
"prod_accessory_more_090","Warrior","Warrior Q20 Cargo Wheel Bag","warrior-q20-cargo-wheel-bag","3","https://www.thehockeyshop.com/products/warrior-a20-senior-wheel-hockey-bag","200","12","https://www.thehockeyshop.com/cdn/shop/files/wheeled-hockey-bags-warrior-a20-senior-wheel-hockey-bag-1253115979_1200x630_crop_center.png?v=1785958632|https://www.thehockeyshop.com/cdn/shop/files/wheeled-hockey-bags-warrior-a20-senior-wheel-hockey-bag-1253115979_%7Bwidth%7Dx.png?v=1785958632|https://www.thehockeyshop.com/cdn/shop/files/wheeled-hockey-bags-warrior-a20-senior-wheel-hockey-bag-1253115979_1400x.png?v=1785958632|https://www.thehockeyshop.com/cdn/shop/files/wheeled-hockey-bags-warrior-a20-senior-wheel-hockey-bag-1253115978_%7Bwidth%7Dx.png?v=1785958622|https://www.thehockeyshop.com/cdn/shop/files/wheeled-hockey-bags-warrior-a20-senior-wheel-hockey-bag-1253115978_1400x.png?v=1785958622|https://www.thehockeyshop.com/cdn/shop/files/wheeled-hockey-bags-warrior-a20-senior-wheel-hockey-bag-1253115977_%7Bwidth%7Dx.png?v=1785958613|https://www.thehockeyshop.com/cdn/shop/files/wheeled-hockey-bags-warrior-a20-senior-wheel-hockey-bag-1253115977_1400x.png?v=1785958613|https://www.thehockeyshop.com/cdn/shop/files/wheeled-hockey-bags-warrior-a20-senior-wheel-hockey-bag-1253115979_400x.png?v=1785958632|https://www.thehockeyshop.com/cdn/shop/files/wheeled-hockey-bags-warrior-a20-senior-wheel-hockey-bag-1253115978_400x.png?v=1785958622|https://www.thehockeyshop.com/cdn/shop/files/wheeled-hockey-bags-warrior-a20-senior-wheel-hockey-bag-1253115977_400x.png?v=1785958613|https://www.thehockeyshop.com/cdn/shop/files/wheeled-hockey-bags-warrior-a20-senior-wheel-hockey-bag-1253115979_grande.png?v=1785958632|https://www.thehockeyshop.com/cdn/shop/files/wheeled-hockey-bags-warrior-a20-senior-wheel-hockey-bag-1253115978_grande.png?v=1785958622"
"prod_accessory_more_091","Bauer","BAUER Team Stick Bag","bauer-team-stick-bag","3","https://www.thehockeyshop.com/products/bauer-individual-hockey-stick-bag","200","12","https://www.thehockeyshop.com/cdn/shop/files/stick-bags-bauer-individual-hockey-stick-bag-1221778292_1200x630_crop_center.jpg?v=1777765306|https://www.thehockeyshop.com/cdn/shop/files/stick-bags-bauer-individual-hockey-stick-bag-1221778292_%7Bwidth%7Dx.jpg?v=1777765306|https://www.thehockeyshop.com/cdn/shop/files/stick-bags-bauer-individual-hockey-stick-bag-1221778292_1400x.jpg?v=1777765306|https://www.thehockeyshop.com/cdn/shop/files/stick-bags-bauer-individual-hockey-stick-bag-1221778291_%7Bwidth%7Dx.jpg?v=1771844471|https://www.thehockeyshop.com/cdn/shop/files/stick-bags-bauer-individual-hockey-stick-bag-1221778291_1400x.jpg?v=1771844471|https://www.thehockeyshop.com/cdn/shop/files/stick-bags-bauer-individual-hockey-stick-bag-1221778292_400x.jpg?v=1777765306|https://www.thehockeyshop.com/cdn/shop/files/stick-bags-bauer-individual-hockey-stick-bag-1221778291_400x.jpg?v=1771844471|https://www.thehockeyshop.com/cdn/shop/files/stick-bags-bauer-individual-hockey-stick-bag-1221778292_grande.jpg?v=1777765306|https://www.thehockeyshop.com/cdn/shop/files/stick-bags-bauer-individual-hockey-stick-bag-1221778292_1024x1024.jpg?v=1777765306|https://www.thehockeyshop.com/cdn/shop/files/stick-bags-bauer-individual-hockey-stick-bag-1221778291_1024x1024.jpg?v=1771844471|https://cdn.shopify.com/s/files/1/0020/1585/4658/files/bauer-stick-bags-bauer-individual-hockey-stick-bag-black-32856946606146.jpg?v=1738391011|https://cdn.shopify.com/s/files/1/0020/1585/4658/files/GDFH-Footer-2023.jpg?v=1699041684"
"prod_accessory_more_092","CCM","JRZ CCM Prolite Stainless Steel Runner - 2 Pack","ccm-proline-steel-runner-pouch","2","https://www.thehockeyshop.com/products/jrz-ccm-prolite-stainless-steel-runner-2-pack","200","12","https://www.thehockeyshop.com/cdn/shop/files/hockey-skate-steel-jrz-ccm-prolite-stainless-steel-runner-2-pack-1221720244_1200x630_crop_center.png?v=1774162752|https://www.thehockeyshop.com/cdn/shop/files/hockey-skate-steel-jrz-ccm-prolite-stainless-steel-runner-2-pack-1221720244_%7Bwidth%7Dx.png?v=1774162752|https://www.thehockeyshop.com/cdn/shop/files/hockey-skate-steel-jrz-ccm-prolite-stainless-steel-runner-2-pack-1221720244_1400x.png?v=1774162752|https://www.thehockeyshop.com/cdn/shop/files/hockey-skate-steel-jrz-ccm-prolite-stainless-steel-runner-2-pack-1221720244_grande.png?v=1774162752|https://www.thehockeyshop.com/cdn/shop/files/hockey-skate-steel-jrz-ccm-prolite-stainless-steel-runner-2-pack-1221720244_1024x1024.png?v=1774162752|https://cdn.shopify.com/s/files/1/0020/1585/4658/files/hockey-skate-steel-jrz-ccm-prolite-stainless-steel-runner-2-pack-1221720244.png?v=1774162752|https://cdn.shopify.com/s/files/1/0020/1585/4658/files/GDFH-Footer-2023.jpg?v=1699041684|https://www.thehockeyshop.com/cdn/shop/files/shipping-delivery-pickup_e9355e4b-d9b7-4e68-bde6-80820ee7cd2c_648x.webp?v=1777801115|https://www.thehockeyshop.com/cdn/shop/files/best-price-promise_21be7cc6-af67-4c5e-a5b2-2aa37ec671bd_648x.webp?v=1777801106|https://www.thehockeyshop.com/cdn/shop/files/hassle-free-exchanges_8302bdab-2f0d-4909-8863-48b7a0590564_648x.webp?v=1777801110|https://www.thehockeyshop.com/cdn/shop/files/proudly-canadian-shipping-worldwide_870bc67e-6f68-40f8-9115-232488c9605f_648x.webp?v=1777801099|https://www.thehockeyshop.com/cdn/shop/t/228/assets/search.svg?v=105237682411623949071778605156"
"prod_apparel_more_093","Bauer","BAUER Team Polo Adult","bauer-team-polo-adult","3","https://www.thehockeyshop.com/products/bauer-s24-team-polo-senior","200","12","https://www.thehockeyshop.com/cdn/shop/files/shirts-s24-bauer-team-polo-senior-1221790445_1200x630_crop_center.jpg?v=1777702167|https://www.thehockeyshop.com/cdn/shop/files/shirts-s24-bauer-team-polo-senior-1221790445_%7Bwidth%7Dx.jpg?v=1777702167|https://www.thehockeyshop.com/cdn/shop/files/shirts-s24-bauer-team-polo-senior-1221790445_1400x.jpg?v=1777702167|https://www.thehockeyshop.com/cdn/shop/files/shirts-s24-bauer-team-polo-senior-1221790444_%7Bwidth%7Dx.jpg?v=1777702191|https://www.thehockeyshop.com/cdn/shop/files/shirts-s24-bauer-team-polo-senior-1221790444_1400x.jpg?v=1777702191|https://www.thehockeyshop.com/cdn/shop/files/shirts-s24-bauer-team-polo-senior-1221790443_%7Bwidth%7Dx.jpg?v=1777702182|https://www.thehockeyshop.com/cdn/shop/files/shirts-s24-bauer-team-polo-senior-1221790443_1400x.jpg?v=1777702182|https://www.thehockeyshop.com/cdn/shop/files/shirts-s24-bauer-team-polo-senior-1221790442_%7Bwidth%7Dx.jpg?v=1777702217|https://www.thehockeyshop.com/cdn/shop/files/shirts-s24-bauer-team-polo-senior-1221790442_1400x.jpg?v=1777702217|https://www.thehockeyshop.com/cdn/shop/files/shirts-s24-bauer-team-polo-senior-1221790445_400x.jpg?v=1777702167|https://www.thehockeyshop.com/cdn/shop/files/shirts-s24-bauer-team-polo-senior-1221790444_400x.jpg?v=1777702191|https://www.thehockeyshop.com/cdn/shop/files/shirts-s24-bauer-team-polo-senior-1221790443_400x.jpg?v=1777702182"
"prod_apparel_more_094","CCM","S23 Bauer Team Woven Senior Joggers","ccm-core-fleece-jogger-adult","3","https://www.thehockeyshop.com/products/s23-bauer-team-woven-senior-joggers","200","12","https://www.thehockeyshop.com/cdn/shop/files/pants-s23-bauer-team-woven-senior-joggers-1221721375_1200x630_crop_center.jpg?v=1777611475|https://www.thehockeyshop.com/cdn/shop/files/pants-s23-bauer-team-woven-senior-joggers-1221721375_%7Bwidth%7Dx.jpg?v=1777611475|https://www.thehockeyshop.com/cdn/shop/files/pants-s23-bauer-team-woven-senior-joggers-1221721375_1400x.jpg?v=1777611475|https://www.thehockeyshop.com/cdn/shop/files/pants-s23-bauer-team-woven-senior-joggers-1221721374_%7Bwidth%7Dx.jpg?v=1777611471|https://www.thehockeyshop.com/cdn/shop/files/pants-s23-bauer-team-woven-senior-joggers-1221721374_1400x.jpg?v=1777611471|https://www.thehockeyshop.com/cdn/shop/files/pants-s23-bauer-team-woven-senior-joggers-1221721373_%7Bwidth%7Dx.jpg?v=1777611163|https://www.thehockeyshop.com/cdn/shop/files/pants-s23-bauer-team-woven-senior-joggers-1221721373_1400x.jpg?v=1777611163|https://www.thehockeyshop.com/cdn/shop/files/pants-s23-bauer-team-woven-senior-joggers-1221721372_%7Bwidth%7Dx.jpg?v=1777611160|https://www.thehockeyshop.com/cdn/shop/files/pants-s23-bauer-team-woven-senior-joggers-1221721372_1400x.jpg?v=1777611160|https://www.thehockeyshop.com/cdn/shop/files/pants-s23-bauer-team-woven-senior-joggers-1221721375_400x.jpg?v=1777611475|https://www.thehockeyshop.com/cdn/shop/files/pants-s23-bauer-team-woven-senior-joggers-1221721374_400x.jpg?v=1777611471|https://www.thehockeyshop.com/cdn/shop/files/pants-s23-bauer-team-woven-senior-joggers-1221721373_400x.jpg?v=1777611163"
"prod_apparel_more_095","Warrior","Warrior Alpha X Performance hoodie Black","warrior-alpha-performance-hoodie-adult","3","https://www.tradeinn.com/hockey/en/warrior-alpha-x-performance-hoodie/140363046/p","200","12","https://www.tradeinn.com/f/14036/140363046/warrior-alpha-x-performance-hoodie.webp|https://www.tradeinn.com/m/14036/140363046/warrior-alpha-x-performance-hoodie.jpg|https://www.tradeinn.com/m/14036/140363046/warrior-alpha-x-performance-hoodie.webp|https://www.tradeinn.com/m/14036/140363046_2/warrior-alpha-x-performance-hoodie.webp|https://www.tradeinn.com/m/14036/140363046_3/warrior-alpha-x-performance-hoodie.webp|https://www.tradeinn.com/m/14036/140363046_4/warrior-alpha-x-performance-hoodie.webp|https://www.tradeinn.com/f/14036/140363046_2/warrior-alpha-x-performance-hoodie.webp|https://www.tradeinn.com/f/14036/140363046_3/warrior-alpha-x-performance-hoodie.webp|https://www.tradeinn.com/f/14036/140363046_4/warrior-alpha-x-performance-hoodie.webp|https://www.tradeinn.com/d/14036/140363046/warrior-alpha-x-performance-hoodie.webp|https://storage.googleapis.com/tradeinn-images/web/web/flechabannerhp_izq_gris.svg|https://storage.googleapis.com/tradeinn-images/web/web/flechabannerhp_der_gris.svg"
"prod_skate_extra_096","CCM","CCM Tacks XF80 Senior Hockey Skates","ccm-tacks-as-580-skates-senior","2","https://www.thehockeyshop.com/products/ccm-tacks-xf80-senior-hockey-skates","200","12","https://www.thehockeyshop.com/cdn/shop/files/hockey-skates-ccm-tacks-xf80-senior-hockey-skates-1221793519_1200x630_crop_center.jpg?v=1777683287|https://www.thehockeyshop.com/cdn/shop/files/hockey-skates-ccm-tacks-xf80-senior-hockey-skates-1221793519_%7Bwidth%7Dx.jpg?v=1777683287|https://www.thehockeyshop.com/cdn/shop/files/hockey-skates-ccm-tacks-xf80-senior-hockey-skates-1221793519_1400x.jpg?v=1777683287|https://www.thehockeyshop.com/cdn/shop/files/hockey-skates-ccm-tacks-xf80-senior-hockey-skates-1221793518_%7Bwidth%7Dx.jpg?v=1777683290|https://www.thehockeyshop.com/cdn/shop/files/hockey-skates-ccm-tacks-xf80-senior-hockey-skates-1221793518_1400x.jpg?v=1777683290|https://www.thehockeyshop.com/cdn/shop/files/hockey-skates-ccm-tacks-xf80-senior-hockey-skates-1221793517_%7Bwidth%7Dx.jpg?v=1777683294|https://www.thehockeyshop.com/cdn/shop/files/hockey-skates-ccm-tacks-xf80-senior-hockey-skates-1221793517_1400x.jpg?v=1777683294|https://www.thehockeyshop.com/cdn/shop/files/hockey-skates-ccm-tacks-xf80-senior-hockey-skates-1221793516_%7Bwidth%7Dx.jpg?v=1777683298|https://www.thehockeyshop.com/cdn/shop/files/hockey-skates-ccm-tacks-xf80-senior-hockey-skates-1221793516_1400x.jpg?v=1777683298|https://www.thehockeyshop.com/cdn/shop/files/hockey-skates-ccm-tacks-xf80-senior-hockey-skates-1221793515_%7Bwidth%7Dx.jpg?v=1777683307|https://www.thehockeyshop.com/cdn/shop/files/hockey-skates-ccm-tacks-xf80-senior-hockey-skates-1221793515_1400x.jpg?v=1777683307|https://www.thehockeyshop.com/cdn/shop/files/hockey-skates-ccm-tacks-xf80-senior-hockey-skates-1221793514_%7Bwidth%7Dx.jpg?v=1777683301"
"prod_skate_extra_097","Bauer","BAUER Supreme M40 Skate Senior","bauer-supreme-m40-skate-senior","4","https://www.thehockeyshop.com/products/bauer-supreme-m40-senior-hockey-skates","200","12","https://www.thehockeyshop.com/cdn/shop/files/hockey-skates-bauer-supreme-m40-senior-hockey-skates-1221791008_1200x630_crop_center.jpg?v=1777698285|https://www.thehockeyshop.com/cdn/shop/files/hockey-skates-bauer-supreme-m40-senior-hockey-skates-1221791000_%7Bwidth%7Dx.jpg?v=1777697945|https://www.thehockeyshop.com/cdn/shop/files/hockey-skates-bauer-supreme-m40-senior-hockey-skates-1221791000_1400x.jpg?v=1777697945|https://www.thehockeyshop.com/cdn/shop/files/hockey-skates-bauer-supreme-m40-senior-hockey-skates-1221791000_400x.jpg?v=1777697945|https://www.thehockeyshop.com/cdn/shop/files/hockey-skates-bauer-supreme-m40-senior-hockey-skates-1221791000_1024x1024.jpg?v=1777697945|https://www.thehockeyshop.com/cdn/shop/files/hockey-skates-bauer-supreme-m40-senior-hockey-skates-1221791008_%7Bwidth%7Dx.jpg?v=1777698285|https://www.thehockeyshop.com/cdn/shop/files/hockey-skates-bauer-supreme-m40-senior-hockey-skates-1221791008_1400x.jpg?v=1777698285|https://www.thehockeyshop.com/cdn/shop/files/hockey-skates-bauer-supreme-m40-senior-hockey-skates-1221791007_%7Bwidth%7Dx.jpg?v=1777698295|https://www.thehockeyshop.com/cdn/shop/files/hockey-skates-bauer-supreme-m40-senior-hockey-skates-1221791007_1400x.jpg?v=1777698295|https://www.thehockeyshop.com/cdn/shop/files/hockey-skates-bauer-supreme-m40-senior-hockey-skates-1221791006_%7Bwidth%7Dx.jpg?v=1777698289|https://www.thehockeyshop.com/cdn/shop/files/hockey-skates-bauer-supreme-m40-senior-hockey-skates-1221791006_1400x.jpg?v=1777698289|https://www.thehockeyshop.com/cdn/shop/files/hockey-skates-bauer-supreme-m40-senior-hockey-skates-1221791005_%7Bwidth%7Dx.jpg?v=1777697921"
"prod_skate_extra_098","Bauer","BAUER Vapor X3 Skate Senior","bauer-vapor-x3-skate-senior","4","https://www.thehockeyshop.com/products/bauer-vapor-x3-intermediate-hockey-skates","200","12","https://www.thehockeyshop.com/cdn/shop/files/hockey-skates-bauer-vapor-x3-intermediate-hockey-skates-1221723203_1200x630_crop_center.jpg?v=1777597599|https://www.thehockeyshop.com/cdn/shop/files/hockey-skates-bauer-vapor-x3-intermediate-hockey-skates-1221723203_%7Bwidth%7Dx.jpg?v=1777597599|https://www.thehockeyshop.com/cdn/shop/files/hockey-skates-bauer-vapor-x3-intermediate-hockey-skates-1221723203_1400x.jpg?v=1777597599|https://www.thehockeyshop.com/cdn/shop/files/hockey-skates-bauer-vapor-x3-intermediate-hockey-skates-1221723202_%7Bwidth%7Dx.jpg?v=1777597604|https://www.thehockeyshop.com/cdn/shop/files/hockey-skates-bauer-vapor-x3-intermediate-hockey-skates-1221723202_1400x.jpg?v=1777597604|https://www.thehockeyshop.com/cdn/shop/files/hockey-skates-bauer-vapor-x3-intermediate-hockey-skates-1221723201_%7Bwidth%7Dx.jpg?v=1777597609|https://www.thehockeyshop.com/cdn/shop/files/hockey-skates-bauer-vapor-x3-intermediate-hockey-skates-1221723201_1400x.jpg?v=1777597609|https://www.thehockeyshop.com/cdn/shop/files/hockey-skates-bauer-vapor-x3-intermediate-hockey-skates-1221723200_%7Bwidth%7Dx.jpg?v=1777597616|https://www.thehockeyshop.com/cdn/shop/files/hockey-skates-bauer-vapor-x3-intermediate-hockey-skates-1221723200_1400x.jpg?v=1777597616|https://www.thehockeyshop.com/cdn/shop/files/hockey-skates-bauer-vapor-x3-intermediate-hockey-skates-1221723199_%7Bwidth%7Dx.jpg?v=1777597613|https://www.thehockeyshop.com/cdn/shop/files/hockey-skates-bauer-vapor-x3-intermediate-hockey-skates-1221723199_1400x.jpg?v=1777597613|https://www.thehockeyshop.com/cdn/shop/files/hockey-skates-bauer-vapor-x3-intermediate-hockey-skates-1221723198_%7Bwidth%7Dx.jpg?v=1777597624"
"prod_skate_extra_099","CCM","CCM Jetspeed FT680 Skates Senior","ccm-jetspeed-ft680-skates-senior","4","https://www.thehockeyshop.com/products/ccm-jetspeed-ft680-senior-hockey-skates","200","12","https://www.thehockeyshop.com/cdn/shop/files/hockey-skates-ccm-jetspeed-ft680-senior-hockey-skates-1221724693_1200x630_crop_center.jpg?v=1777592343|https://www.thehockeyshop.com/cdn/shop/files/hockey-skates-ccm-jetspeed-ft680-senior-hockey-skates-1221724693_%7Bwidth%7Dx.jpg?v=1777592343|https://www.thehockeyshop.com/cdn/shop/files/hockey-skates-ccm-jetspeed-ft680-senior-hockey-skates-1221724693_1400x.jpg?v=1777592343|https://www.thehockeyshop.com/cdn/shop/files/hockey-skates-ccm-jetspeed-ft680-senior-hockey-skates-1221724692_%7Bwidth%7Dx.jpg?v=1777592341|https://www.thehockeyshop.com/cdn/shop/files/hockey-skates-ccm-jetspeed-ft680-senior-hockey-skates-1221724692_1400x.jpg?v=1777592341|https://www.thehockeyshop.com/cdn/shop/files/hockey-skates-ccm-jetspeed-ft680-senior-hockey-skates-1221724691_%7Bwidth%7Dx.jpg?v=1777592349|https://www.thehockeyshop.com/cdn/shop/files/hockey-skates-ccm-jetspeed-ft680-senior-hockey-skates-1221724691_1400x.jpg?v=1777592349|https://www.thehockeyshop.com/cdn/shop/files/hockey-skates-ccm-jetspeed-ft680-senior-hockey-skates-1221724690_%7Bwidth%7Dx.jpg?v=1777592354|https://www.thehockeyshop.com/cdn/shop/files/hockey-skates-ccm-jetspeed-ft680-senior-hockey-skates-1221724690_1400x.jpg?v=1777592354|https://www.thehockeyshop.com/cdn/shop/files/hockey-skates-ccm-jetspeed-ft680-senior-hockey-skates-1221724689_%7Bwidth%7Dx.jpg?v=1777592359|https://www.thehockeyshop.com/cdn/shop/files/hockey-skates-ccm-jetspeed-ft680-senior-hockey-skates-1221724689_1400x.jpg?v=1777592359|https://www.thehockeyshop.com/cdn/shop/files/hockey-skates-ccm-jetspeed-ft680-senior-hockey-skates-1221724688_%7Bwidth%7Dx.jpg?v=1777592362"
"prod_skate_extra_100","Bauer","BAUER X-LP Skate Senior","bauer-x-lp-skate-senior","4","https://www.thehockeyshop.com/products/bauer-x-lp-senior-hockey-skates","200","12","https://www.thehockeyshop.com/cdn/shop/products/hockey-skates-bauer-x-lp-senior-hockey-skates-1221741694_1200x630_crop_center.jpg?v=1774150496|https://www.thehockeyshop.com/cdn/shop/products/hockey-skates-bauer-x-lp-senior-hockey-skates-1221741694_%7Bwidth%7Dx.jpg?v=1774150496|https://www.thehockeyshop.com/cdn/shop/products/hockey-skates-bauer-x-lp-senior-hockey-skates-1221741694_1400x.jpg?v=1774150496|https://www.thehockeyshop.com/cdn/shop/products/hockey-skates-bauer-x-lp-senior-hockey-skates-1221741693_%7Bwidth%7Dx.jpg?v=1774150514|https://www.thehockeyshop.com/cdn/shop/products/hockey-skates-bauer-x-lp-senior-hockey-skates-1221741693_1400x.jpg?v=1774150514|https://www.thehockeyshop.com/cdn/shop/products/hockey-skates-bauer-x-lp-senior-hockey-skates-1221741692_%7Bwidth%7Dx.jpg?v=1774150541|https://www.thehockeyshop.com/cdn/shop/products/hockey-skates-bauer-x-lp-senior-hockey-skates-1221741692_1400x.jpg?v=1774150541|https://www.thehockeyshop.com/cdn/shop/products/hockey-skates-bauer-x-lp-senior-hockey-skates-1221741691_%7Bwidth%7Dx.jpg?v=1774150527|https://www.thehockeyshop.com/cdn/shop/products/hockey-skates-bauer-x-lp-senior-hockey-skates-1221741691_1400x.jpg?v=1774150527|https://www.thehockeyshop.com/cdn/shop/products/hockey-skates-bauer-x-lp-senior-hockey-skates-1221741690_%7Bwidth%7Dx.jpg?v=1774150554|https://www.thehockeyshop.com/cdn/shop/products/hockey-skates-bauer-x-lp-senior-hockey-skates-1221741690_1400x.jpg?v=1774150554|https://www.thehockeyshop.com/cdn/shop/products/hockey-skates-bauer-x-lp-senior-hockey-skates-1221741689_%7Bwidth%7Dx.jpg?v=1774150574"
"prod_skate_extra_101","CCM","CCM Tacks XF70 Junior Hockey Skates","ccm-tacks-as-570-skates-junior","2","https://www.thehockeyshop.com/products/ccm-tacks-xf70-junior-hockey-skates","200","12","https://www.thehockeyshop.com/cdn/shop/files/hockey-skates-ccm-tacks-xf70-junior-hockey-skates-1221793423_1200x630_crop_center.jpg?v=1777686461|https://www.thehockeyshop.com/cdn/shop/files/hockey-skates-ccm-tacks-xf70-junior-hockey-skates-1221793423_%7Bwidth%7Dx.jpg?v=1777686461|https://www.thehockeyshop.com/cdn/shop/files/hockey-skates-ccm-tacks-xf70-junior-hockey-skates-1221793423_1400x.jpg?v=1777686461|https://www.thehockeyshop.com/cdn/shop/files/hockey-skates-ccm-tacks-xf70-junior-hockey-skates-1221793422_%7Bwidth%7Dx.jpg?v=1777686455|https://www.thehockeyshop.com/cdn/shop/files/hockey-skates-ccm-tacks-xf70-junior-hockey-skates-1221793422_1400x.jpg?v=1777686455|https://www.thehockeyshop.com/cdn/shop/files/hockey-skates-ccm-tacks-xf70-junior-hockey-skates-1221793421_%7Bwidth%7Dx.jpg?v=1777686467|https://www.thehockeyshop.com/cdn/shop/files/hockey-skates-ccm-tacks-xf70-junior-hockey-skates-1221793421_1400x.jpg?v=1777686467|https://www.thehockeyshop.com/cdn/shop/files/hockey-skates-ccm-tacks-xf70-junior-hockey-skates-1221793420_%7Bwidth%7Dx.jpg?v=1777686461|https://www.thehockeyshop.com/cdn/shop/files/hockey-skates-ccm-tacks-xf70-junior-hockey-skates-1221793420_1400x.jpg?v=1777686461|https://www.thehockeyshop.com/cdn/shop/files/hockey-skates-ccm-tacks-xf70-junior-hockey-skates-1221793419_%7Bwidth%7Dx.jpg?v=1777686473|https://www.thehockeyshop.com/cdn/shop/files/hockey-skates-ccm-tacks-xf70-junior-hockey-skates-1221793419_1400x.jpg?v=1777686473|https://www.thehockeyshop.com/cdn/shop/files/hockey-skates-ccm-tacks-xf70-junior-hockey-skates-1221793418_%7Bwidth%7Dx.jpg?v=1777686469"
"prod_stick_extra_102","Bauer","BAUER Nexus E5 Pro Stick Senior","bauer-nexus-e5-pro-stick-senior","1","https://www.sportchek.ca/en/pdp/bauer-nexus-e5-pro-grip-60-senior-hockey-stick-carbon-fiber-mid-kick-32371993f.html","200","4","https://assets.canadiantire.ca/adobe/assets/urn:aaid:aem:b5e956d0-e32b-43c3-969c-a18a2b70937e/as/red_proudly_canadian_en.png|https://media-triangle.canadiantire.ca/banners/promo-content/2023/06/triangle-app-qr-code-atmosphere-footer-qr-code-332279.png|https://media-www.canadiantire.ca/no_product_image_available.png|https://media-www.sportchek.ca/category-content/2025/sportchek-promotions/odp-2025-sportchek-hp-wk12-atmo-integration-sc-atmo-rev.svg"
"prod_stick_extra_103","CCM","CCM Ribcor Trigger 8 Pro Stick Senior","ccm-ribcor-trigger-8-pro-stick-senior","2","https://www.thehockeyshop.com/products/ccm-ribcor-trigger-8-pro-senior-hockey-stick","200","12","https://www.thehockeyshop.com/cdn/shop/files/hockey-sticks-ccm-ribcor-trigger-8-pro-senior-hockey-stick-1221800526_1200x630_crop_center.jpg?v=1777636657|https://www.thehockeyshop.com/cdn/shop/files/hockey-sticks-ccm-ribcor-trigger-8-pro-senior-hockey-stick-1221800526_%7Bwidth%7Dx.jpg?v=1777636657|https://www.thehockeyshop.com/cdn/shop/files/hockey-sticks-ccm-ribcor-trigger-8-pro-senior-hockey-stick-1221800526_1400x.jpg?v=1777636657|https://www.thehockeyshop.com/cdn/shop/files/hockey-sticks-ccm-ribcor-trigger-8-pro-senior-hockey-stick-1221800525_%7Bwidth%7Dx.jpg?v=1777636662|https://www.thehockeyshop.com/cdn/shop/files/hockey-sticks-ccm-ribcor-trigger-8-pro-senior-hockey-stick-1221800525_1400x.jpg?v=1777636662|https://www.thehockeyshop.com/cdn/shop/files/hockey-sticks-ccm-ribcor-trigger-8-pro-senior-hockey-stick-1221800524_%7Bwidth%7Dx.jpg?v=1777636657|https://www.thehockeyshop.com/cdn/shop/files/hockey-sticks-ccm-ribcor-trigger-8-pro-senior-hockey-stick-1221800524_1400x.jpg?v=1777636657|https://www.thehockeyshop.com/cdn/shop/files/hockey-sticks-ccm-ribcor-trigger-8-pro-senior-hockey-stick-1221800523_%7Bwidth%7Dx.jpg?v=1777636667|https://www.thehockeyshop.com/cdn/shop/files/hockey-sticks-ccm-ribcor-trigger-8-pro-senior-hockey-stick-1221800523_1400x.jpg?v=1777636667|https://www.thehockeyshop.com/cdn/shop/files/hockey-sticks-ccm-ribcor-trigger-8-pro-senior-hockey-stick-1221800522_%7Bwidth%7Dx.jpg?v=1777636664|https://www.thehockeyshop.com/cdn/shop/files/hockey-sticks-ccm-ribcor-trigger-8-pro-senior-hockey-stick-1221800522_1400x.jpg?v=1777636664|https://www.thehockeyshop.com/cdn/shop/files/hockey-sticks-ccm-ribcor-trigger-8-pro-senior-hockey-stick-1221800521_%7Bwidth%7Dx.jpg?v=1772533450"
"prod_stick_extra_104","Warrior","Warrior Alpha LX Pro Stick Senior","warrior-alpha-lx-pro-stick-senior","1","https://www.sportega.de/eishockeyschlaeger-warrior-alpha-lx-pro-sr/d97324","200","12","https://cdn.sportega.eu/warrior-lx-pro-97324.webp|https://cdn.sportega.eu/warrior-lx-pro-97324-650x650.webp|https://cdn.sportega.eu/warrior-lx-pro-97324-650x650-g0.webp|https://cdn.sportega.eu/warrior-lx-pro-97324-650x650-g1.webp|https://cdn.sportega.eu/warrior-lx-pro-97324-105x105.webp|https://cdn.sportega.eu/warrior-lx-pro-97324-105x105-g0.webp|https://cdn.sportega.eu/warrior-lx-pro-97324-105x105-g1.webp|https://cdn.sportega.eu/warrior-lx-pro-97324-1024x1024.webp|https://cdn.sportega.eu/warrior-lx-pro-97324-1024x1024-g0.webp|https://cdn.sportega.eu/warrior-lx-pro-97324-1024x1024-g1.webp|https://cdn.sportega.eu/warrior-lx-pro-97324-125x125.webp|https://cdn.sportega.eu/warrior-lx-pro-97324-125x125-g0.webp"
"prod_stick_extra_105","Bauer","BAUER Vapor X5 Pro Stick Senior","bauer-vapor-x5-pro-stick-senior","2","https://www.thehockeyshop.com/products/bauer-vapor-x5-pro-senior-hockey-stick","200","12","https://www.thehockeyshop.com/cdn/shop/files/hockey-sticks-bauer-vapor-x5-pro-senior-hockey-stick-1221723467_1200x630_crop_center.jpg?v=1777599375|https://www.thehockeyshop.com/cdn/shop/files/hockey-sticks-bauer-vapor-x5-pro-senior-hockey-stick-1221723465_%7Bwidth%7Dx.jpg?v=1777599006|https://www.thehockeyshop.com/cdn/shop/files/hockey-sticks-bauer-vapor-x5-pro-senior-hockey-stick-1221723465_1400x.jpg?v=1777599006|https://www.thehockeyshop.com/cdn/shop/files/hockey-sticks-bauer-vapor-x5-pro-senior-hockey-stick-1221723464_%7Bwidth%7Dx.jpg?v=1777599001|https://www.thehockeyshop.com/cdn/shop/files/hockey-sticks-bauer-vapor-x5-pro-senior-hockey-stick-1221723464_1400x.jpg?v=1777599001|https://www.thehockeyshop.com/cdn/shop/files/hockey-sticks-bauer-vapor-x5-pro-senior-hockey-stick-1221723465_400x.jpg?v=1777599006|https://www.thehockeyshop.com/cdn/shop/files/hockey-sticks-bauer-vapor-x5-pro-senior-hockey-stick-1221723464_400x.jpg?v=1777599001|https://www.thehockeyshop.com/cdn/shop/files/hockey-sticks-bauer-vapor-x5-pro-senior-hockey-stick-1221723465_1024x1024.jpg?v=1777599006|https://www.thehockeyshop.com/cdn/shop/files/hockey-sticks-bauer-vapor-x5-pro-senior-hockey-stick-1221723464_1024x1024.jpg?v=1777599001|https://www.thehockeyshop.com/cdn/shop/files/hockey-sticks-bauer-vapor-x5-pro-senior-hockey-stick-1221723467_%7Bwidth%7Dx.jpg?v=1777599375|https://www.thehockeyshop.com/cdn/shop/files/hockey-sticks-bauer-vapor-x5-pro-senior-hockey-stick-1221723467_1400x.jpg?v=1777599375|https://www.thehockeyshop.com/cdn/shop/files/hockey-sticks-bauer-vapor-x5-pro-senior-hockey-stick-1221723466_%7Bwidth%7Dx.jpg?v=1777598998"
"prod_stick_extra_106","CCM","CCM Jetspeed FT7 Pro Stick Senior","ccm-jetspeed-ft7-pro-stick-senior","2","https://www.thehockeyshop.com/products/ccm-jetspeed-ft7-pro-senior-hockey-stick","200","12","https://www.thehockeyshop.com/cdn/shop/files/hockey-sticks-ccm-jetspeed-ft7-pro-senior-hockey-stick-red-1221793600_1200x630_crop_center.jpg?v=1777686047|https://www.thehockeyshop.com/cdn/shop/files/hockey-sticks-ccm-jetspeed-ft7-pro-senior-hockey-stick-red-1221793600_%7Bwidth%7Dx.jpg?v=1777686047|https://www.thehockeyshop.com/cdn/shop/files/hockey-sticks-ccm-jetspeed-ft7-pro-senior-hockey-stick-red-1221793600_1400x.jpg?v=1777686047|https://www.thehockeyshop.com/cdn/shop/files/hockey-sticks-ccm-jetspeed-ft7-pro-senior-hockey-stick-red-1221793599_%7Bwidth%7Dx.jpg?v=1777685704|https://www.thehockeyshop.com/cdn/shop/files/hockey-sticks-ccm-jetspeed-ft7-pro-senior-hockey-stick-red-1221793599_1400x.jpg?v=1777685704|https://www.thehockeyshop.com/cdn/shop/files/hockey-sticks-ccm-jetspeed-ft7-pro-senior-hockey-stick-red-1221793598_%7Bwidth%7Dx.jpg?v=1777685702|https://www.thehockeyshop.com/cdn/shop/files/hockey-sticks-ccm-jetspeed-ft7-pro-senior-hockey-stick-red-1221793598_1400x.jpg?v=1777685702|https://www.thehockeyshop.com/cdn/shop/files/hockey-sticks-ccm-jetspeed-ft7-pro-senior-hockey-stick-red-1221793597_%7Bwidth%7Dx.jpg?v=1777685713|https://www.thehockeyshop.com/cdn/shop/files/hockey-sticks-ccm-jetspeed-ft7-pro-senior-hockey-stick-red-1221793597_1400x.jpg?v=1777685713|https://www.thehockeyshop.com/cdn/shop/files/hockey-sticks-ccm-jetspeed-ft7-pro-senior-hockey-stick-red-1221793596_%7Bwidth%7Dx.jpg?v=1777685717|https://www.thehockeyshop.com/cdn/shop/files/hockey-sticks-ccm-jetspeed-ft7-pro-senior-hockey-stick-red-1221793596_1400x.jpg?v=1777685717|https://www.thehockeyshop.com/cdn/shop/files/hockey-sticks-ccm-jetspeed-ft7-pro-senior-hockey-stick-red-1221793595_%7Bwidth%7Dx.jpg?v=1777685721"
"prod_stick_extra_107","Warrior","Warrior Covert QR5 Pro Stick Senior","warrior-covert-qr5-pro-stick-senior","2","https://www.thehockeyshop.com/products/warrior-covert-qr5-pro-senior-hockey-stick-extra-long","200","12","https://www.thehockeyshop.com/cdn/shop/products/hockey-sticks-warrior-covert-qr5-pro-senior-hockey-stick-extra-long-1221731404_1200x630_crop_center.jpg?v=1777266975|https://www.thehockeyshop.com/cdn/shop/products/hockey-sticks-warrior-covert-qr5-pro-senior-hockey-stick-extra-long-1221731404_%7Bwidth%7Dx.jpg?v=1777266975|https://www.thehockeyshop.com/cdn/shop/products/hockey-sticks-warrior-covert-qr5-pro-senior-hockey-stick-extra-long-1221731404_1400x.jpg?v=1777266975|https://www.thehockeyshop.com/cdn/shop/products/hockey-sticks-warrior-covert-qr5-pro-senior-hockey-stick-extra-long-1221731403_%7Bwidth%7Dx.jpg?v=1777266987|https://www.thehockeyshop.com/cdn/shop/products/hockey-sticks-warrior-covert-qr5-pro-senior-hockey-stick-extra-long-1221731403_1400x.jpg?v=1777266987|https://www.thehockeyshop.com/cdn/shop/products/hockey-sticks-warrior-covert-qr5-pro-senior-hockey-stick-extra-long-1221731402_%7Bwidth%7Dx.jpg?v=1777266993|https://www.thehockeyshop.com/cdn/shop/products/hockey-sticks-warrior-covert-qr5-pro-senior-hockey-stick-extra-long-1221731402_1400x.jpg?v=1777266993|https://www.thehockeyshop.com/cdn/shop/products/hockey-sticks-warrior-covert-qr5-pro-senior-hockey-stick-extra-long-1221731401_%7Bwidth%7Dx.jpg?v=1777267007|https://www.thehockeyshop.com/cdn/shop/products/hockey-sticks-warrior-covert-qr5-pro-senior-hockey-stick-extra-long-1221731401_1400x.jpg?v=1777267007|https://www.thehockeyshop.com/cdn/shop/products/hockey-sticks-warrior-covert-qr5-pro-senior-hockey-stick-extra-long-1221731400_%7Bwidth%7Dx.jpg?v=1777266999|https://www.thehockeyshop.com/cdn/shop/products/hockey-sticks-warrior-covert-qr5-pro-senior-hockey-stick-extra-long-1221731400_1400x.jpg?v=1777266999|https://www.thehockeyshop.com/cdn/shop/files/hockey-sticks-warrior-covert-qr5-pro-senior-hockey-stick-extra-long-1221731399_%7Bwidth%7Dx.jpg?v=1777267020"
"prod_protective_extra_108","Bauer","BAUER Vapor Hyperlite 2 Helmet Senior","bauer-vapor-hyperlite-2-helmet-senior","4","https://www.thehockeyshop.com/products/bauer-vapor-hyperlite2-hockey-helmet","200","12","https://www.thehockeyshop.com/cdn/shop/files/helmets-bauer-vapor-hyperlite-2-hockey-helmet-1221722991_1200x630_crop_center.jpg?v=1774156961|https://www.thehockeyshop.com/cdn/shop/files/helmets-bauer-vapor-hyperlite-2-hockey-helmet-1221722991_%7Bwidth%7Dx.jpg?v=1774156961|https://www.thehockeyshop.com/cdn/shop/files/helmets-bauer-vapor-hyperlite-2-hockey-helmet-1221722991_1400x.jpg?v=1774156961|https://www.thehockeyshop.com/cdn/shop/files/helmets-bauer-vapor-hyperlite-2-hockey-helmet-1221722990_%7Bwidth%7Dx.jpg?v=1774157007|https://www.thehockeyshop.com/cdn/shop/files/helmets-bauer-vapor-hyperlite-2-hockey-helmet-1221722990_1400x.jpg?v=1774157007|https://www.thehockeyshop.com/cdn/shop/files/helmets-bauer-vapor-hyperlite-2-hockey-helmet-1221722989_%7Bwidth%7Dx.jpg?v=1774156994|https://www.thehockeyshop.com/cdn/shop/files/helmets-bauer-vapor-hyperlite-2-hockey-helmet-1221722989_1400x.jpg?v=1774156994|https://www.thehockeyshop.com/cdn/shop/files/helmets-bauer-vapor-hyperlite-2-hockey-helmet-1221722988_%7Bwidth%7Dx.jpg?v=1774157034|https://www.thehockeyshop.com/cdn/shop/files/helmets-bauer-vapor-hyperlite-2-hockey-helmet-1221722988_1400x.jpg?v=1774157034|https://www.thehockeyshop.com/cdn/shop/files/helmets-bauer-vapor-hyperlite-2-hockey-helmet-1221722987_%7Bwidth%7Dx.jpg?v=1774157023|https://www.thehockeyshop.com/cdn/shop/files/helmets-bauer-vapor-hyperlite-2-hockey-helmet-1221722987_1400x.jpg?v=1774157023|https://www.thehockeyshop.com/cdn/shop/files/helmets-bauer-vapor-hyperlite-2-hockey-helmet-1221722986_%7Bwidth%7Dx.jpg?v=1774158254"
"prod_protective_extra_109","CCM","CCM Tacks 720 Hockey Helmet","ccm-jetspeed-ft6-pro-helmet-senior","2","https://www.thehockeyshop.com/products/ccm-tacks-720-hockey-helmet","200","12","https://www.thehockeyshop.com/cdn/shop/files/helmets-ccm-tacks-720-hockey-helmet-1221725446_1200x630_crop_center.jpg?v=1777586882|https://www.thehockeyshop.com/cdn/shop/files/helmets-ccm-tacks-720-hockey-helmet-1221725445_%7Bwidth%7Dx.jpg?v=1777586900|https://www.thehockeyshop.com/cdn/shop/files/helmets-ccm-tacks-720-hockey-helmet-1221725445_1400x.jpg?v=1777586900|https://www.thehockeyshop.com/cdn/shop/files/helmets-ccm-tacks-720-hockey-helmet-1221725445_400x.jpg?v=1777586900|https://www.thehockeyshop.com/cdn/shop/files/helmets-ccm-tacks-720-hockey-helmet-1221725445_grande.jpg?v=1777586900|https://www.thehockeyshop.com/cdn/shop/files/helmets-ccm-tacks-720-hockey-helmet-1221725445_1024x1024.jpg?v=1777586900|https://www.thehockeyshop.com/cdn/shop/files/helmets-ccm-tacks-720-hockey-helmet-1221725446_%7Bwidth%7Dx.jpg?v=1777586882|https://www.thehockeyshop.com/cdn/shop/files/helmets-ccm-tacks-720-hockey-helmet-1221725446_1400x.jpg?v=1777586882|https://www.thehockeyshop.com/cdn/shop/files/helmets-ccm-tacks-720-hockey-helmet-1221725444_%7Bwidth%7Dx.jpg?v=1777586931|https://www.thehockeyshop.com/cdn/shop/files/helmets-ccm-tacks-720-hockey-helmet-1221725444_1400x.jpg?v=1777586931|https://www.thehockeyshop.com/cdn/shop/files/helmets-ccm-tacks-720-hockey-helmet-1221725443_%7Bwidth%7Dx.jpg?v=1777586936|https://www.thehockeyshop.com/cdn/shop/files/helmets-ccm-tacks-720-hockey-helmet-1221725443_1400x.jpg?v=1777586936"
"prod_protective_extra_110","Warrior","Warrior Covert QR5 Pro Gloves Senior","warrior-covert-qr5-pro-gloves-senior","4","https://www.thehockeyshop.com/products/warrior-covert-qr7-senior-hockey-gloves","200","12","https://www.thehockeyshop.com/cdn/shop/files/gloves-warrior-covert-qr7-senior-hockey-gloves-1241272658_1200x630_crop_center.png?v=1780436512|https://www.thehockeyshop.com/cdn/shop/files/gloves-warrior-covert-qr7-senior-hockey-gloves-1241272658_%7Bwidth%7Dx.png?v=1780436512|https://www.thehockeyshop.com/cdn/shop/files/gloves-warrior-covert-qr7-senior-hockey-gloves-1241272658_1400x.png?v=1780436512|https://www.thehockeyshop.com/cdn/shop/files/gloves-warrior-covert-qr7-senior-hockey-gloves-1241272658_400x.png?v=1780436512|https://www.thehockeyshop.com/cdn/shop/files/gloves-warrior-covert-qr7-senior-hockey-gloves-1241272658_grande.png?v=1780436512|https://www.thehockeyshop.com/cdn/shop/files/gloves-warrior-covert-qr7-senior-hockey-gloves-1241272658_1024x1024.png?v=1780436512|https://www.thehockeyshop.com/cdn/shop/files/gloves-warrior-covert-qr7-junior-hockey-gloves-1241272644_%7Bwidth%7Dx.png?v=1780436522|https://www.thehockeyshop.com/cdn/shop/files/gloves-warrior-covert-qr7-junior-hockey-gloves-1241272644_1400x.png?v=1780436522|https://www.thehockeyshop.com/cdn/shop/files/gloves-warrior-covert-qr7-junior-hockey-gloves-1241272645_%7Bwidth%7Dx.png?v=1780436534|https://www.thehockeyshop.com/cdn/shop/files/gloves-warrior-covert-qr7-junior-hockey-gloves-1241272645_1400x.png?v=1780436534|https://www.thehockeyshop.com/cdn/shop/files/gloves-warrior-covert-qr7-junior-hockey-gloves-1241272646_%7Bwidth%7Dx.png?v=1780436540|https://www.thehockeyshop.com/cdn/shop/files/gloves-warrior-covert-qr7-junior-hockey-gloves-1241272646_1400x.png?v=1780436540"
"prod_protective_extra_111","Bauer","BAUER Supreme M5 Pro Gloves Senior","bauer-supreme-m5-pro-gloves-senior","4","https://www.thehockeyshop.com/products/bauer-supreme-m5-pro-senior-hockey-gloves","200","12","https://www.thehockeyshop.com/cdn/shop/files/gloves-bauer-supreme-m5-pro-senior-hockey-gloves-1221722638_1200x630_crop_center.jpg?v=1774157834|https://www.thehockeyshop.com/cdn/shop/files/gloves-bauer-supreme-m5-pro-senior-hockey-gloves-1221722638_%7Bwidth%7Dx.jpg?v=1774157834|https://www.thehockeyshop.com/cdn/shop/files/gloves-bauer-supreme-m5-pro-senior-hockey-gloves-1221722638_1400x.jpg?v=1774157834|https://www.thehockeyshop.com/cdn/shop/files/gloves-bauer-supreme-m5-pro-senior-hockey-gloves-1221722637_%7Bwidth%7Dx.jpg?v=1774157861|https://www.thehockeyshop.com/cdn/shop/files/gloves-bauer-supreme-m5-pro-senior-hockey-gloves-1221722637_1400x.jpg?v=1774157861|https://www.thehockeyshop.com/cdn/shop/files/gloves-bauer-supreme-m5-pro-senior-hockey-gloves-1221722636_%7Bwidth%7Dx.jpg?v=1774157924|https://www.thehockeyshop.com/cdn/shop/files/gloves-bauer-supreme-m5-pro-senior-hockey-gloves-1221722636_1400x.jpg?v=1774157924|https://www.thehockeyshop.com/cdn/shop/files/gloves-bauer-supreme-m5-pro-senior-hockey-gloves-1221722635_%7Bwidth%7Dx.jpg?v=1774157897|https://www.thehockeyshop.com/cdn/shop/files/gloves-bauer-supreme-m5-pro-senior-hockey-gloves-1221722635_1400x.jpg?v=1774157897|https://www.thehockeyshop.com/cdn/shop/files/gloves-bauer-supreme-m5-pro-senior-hockey-gloves-1221722634_%7Bwidth%7Dx.jpg?v=1774157968|https://www.thehockeyshop.com/cdn/shop/files/gloves-bauer-supreme-m5-pro-senior-hockey-gloves-1221722634_1400x.jpg?v=1774157968|https://www.thehockeyshop.com/cdn/shop/files/gloves-bauer-supreme-m5-pro-senior-hockey-gloves-1221722633_%7Bwidth%7Dx.jpg?v=1774157955"
"prod_protective_extra_112","CCM","CCM Tacks AS-V Pro Shoulder Pads Senior","ccm-tacks-as-v-pro-shoulder-pads-senior","4","https://www.thehockeyshop.com/products/ccm-tacks-xr-pro-senior-hockey-shoulder-pads","200","12","https://www.thehockeyshop.com/cdn/shop/files/shoulder-pads-ccm-tacks-xr-pro-senior-hockey-shoulder-pads-1248528888_1200x630_crop_center.jpg?v=1783727840|https://www.thehockeyshop.com/cdn/shop/files/shoulder-pads-ccm-tacks-xr-pro-senior-hockey-shoulder-pads-1249373476_%7Bwidth%7Dx.jpg?v=1784247800|https://www.thehockeyshop.com/cdn/shop/files/shoulder-pads-ccm-tacks-xr-pro-senior-hockey-shoulder-pads-1249373476_1400x.jpg?v=1784247800|https://www.thehockeyshop.com/cdn/shop/files/shoulder-pads-ccm-tacks-xr-pro-senior-hockey-shoulder-pads-1249373476_400x.jpg?v=1784247800|https://www.thehockeyshop.com/cdn/shop/files/shoulder-pads-ccm-tacks-xr-pro-senior-hockey-shoulder-pads-1249373476_1024x1024.jpg?v=1784247800|https://www.thehockeyshop.com/cdn/shop/files/shoulder-pads-ccm-tacks-xr-pro-senior-hockey-shoulder-pads-1248528888_%7Bwidth%7Dx.jpg?v=1783727840|https://www.thehockeyshop.com/cdn/shop/files/shoulder-pads-ccm-tacks-xr-pro-senior-hockey-shoulder-pads-1248528888_1400x.jpg?v=1783727840|https://www.thehockeyshop.com/cdn/shop/files/shoulder-pads-ccm-tacks-xr-pro-senior-hockey-shoulder-pads-1248528887_%7Bwidth%7Dx.jpg?v=1783727832|https://www.thehockeyshop.com/cdn/shop/files/shoulder-pads-ccm-tacks-xr-pro-senior-hockey-shoulder-pads-1248528887_1400x.jpg?v=1783727832|https://www.thehockeyshop.com/cdn/shop/files/shoulder-pads-ccm-tacks-xr-pro-senior-hockey-shoulder-pads-1249373486_%7Bwidth%7Dx.jpg?v=1784246029|https://www.thehockeyshop.com/cdn/shop/files/shoulder-pads-ccm-tacks-xr-pro-senior-hockey-shoulder-pads-1249373486_1400x.jpg?v=1784246029|https://www.thehockeyshop.com/cdn/shop/files/shoulder-pads-ccm-tacks-xr-pro-senior-hockey-shoulder-pads-1249373485_%7Bwidth%7Dx.jpg?v=1784246019"
"prod_protective_extra_113","Bauer","BAUER Vapor 3X Pro Shin Guards Senior","bauer-vapor-3x-pro-shin-guards-senior","4","https://www.thehockeyshop.com/products/bauer-vapor-flypro-senior-hockey-shin-guards","200","12","https://www.thehockeyshop.com/cdn/shop/files/shin-guards-bauer-vapor-flypro-senior-hockey-shin-guards-1221779873_1200x630_crop_center.jpg?v=1777758283|https://www.thehockeyshop.com/cdn/shop/files/shin-guards-bauer-vapor-flypro-senior-hockey-shin-guards-1221779873_%7Bwidth%7Dx.jpg?v=1777758283|https://www.thehockeyshop.com/cdn/shop/files/shin-guards-bauer-vapor-flypro-senior-hockey-shin-guards-1221779873_1400x.jpg?v=1777758283|https://www.thehockeyshop.com/cdn/shop/files/shin-guards-bauer-vapor-flypro-senior-hockey-shin-guards-1221779872_%7Bwidth%7Dx.jpg?v=1777758283|https://www.thehockeyshop.com/cdn/shop/files/shin-guards-bauer-vapor-flypro-senior-hockey-shin-guards-1221779872_1400x.jpg?v=1777758283|https://www.thehockeyshop.com/cdn/shop/files/shin-guards-bauer-vapor-flypro-senior-hockey-shin-guards-1221779871_%7Bwidth%7Dx.jpg?v=1777758287|https://www.thehockeyshop.com/cdn/shop/files/shin-guards-bauer-vapor-flypro-senior-hockey-shin-guards-1221779871_1400x.jpg?v=1777758287|https://www.thehockeyshop.com/cdn/shop/files/shin-guards-bauer-vapor-flypro-senior-hockey-shin-guards-1221779870_%7Bwidth%7Dx.jpg?v=1777758401|https://www.thehockeyshop.com/cdn/shop/files/shin-guards-bauer-vapor-flypro-senior-hockey-shin-guards-1221779870_1400x.jpg?v=1777758401|https://www.thehockeyshop.com/cdn/shop/files/shin-guards-bauer-vapor-flypro-senior-hockey-shin-guards-1221779869_%7Bwidth%7Dx.jpg?v=1777758417|https://www.thehockeyshop.com/cdn/shop/files/shin-guards-bauer-vapor-flypro-senior-hockey-shin-guards-1221779869_1400x.jpg?v=1777758417|https://www.thehockeyshop.com/cdn/shop/files/shin-guards-bauer-vapor-flypro-senior-hockey-shin-guards-1221779868_%7Bwidth%7Dx.jpg?v=1777758409"
"prod_protective_extra_114","Warrior","Warrior Alpha LX Pro Elbow Pads Senior","warrior-alpha-lx-pro-elbow-pads-senior","4","https://www.thehockeyshop.com/products/warrior-alpha-pro-junior-hockey-elbow-pads","200","12","https://www.thehockeyshop.com/cdn/shop/files/elbow-pads-warrior-alpha-pro-junior-hockey-elbow-pads-1221789393_1200x630_crop_center.jpg?v=1777706001|https://www.thehockeyshop.com/cdn/shop/files/elbow-pads-warrior-alpha-pro-junior-hockey-elbow-pads-1221789393_%7Bwidth%7Dx.jpg?v=1777706001|https://www.thehockeyshop.com/cdn/shop/files/elbow-pads-warrior-alpha-pro-junior-hockey-elbow-pads-1221789393_1400x.jpg?v=1777706001|https://www.thehockeyshop.com/cdn/shop/files/elbow-pads-warrior-alpha-pro-junior-hockey-elbow-pads-1221789392_%7Bwidth%7Dx.jpg?v=1772194839|https://www.thehockeyshop.com/cdn/shop/files/elbow-pads-warrior-alpha-pro-junior-hockey-elbow-pads-1221789392_1400x.jpg?v=1772194839|https://www.thehockeyshop.com/cdn/shop/files/elbow-pads-warrior-alpha-pro-junior-hockey-elbow-pads-1221789391_%7Bwidth%7Dx.jpg?v=1777706007|https://www.thehockeyshop.com/cdn/shop/files/elbow-pads-warrior-alpha-pro-junior-hockey-elbow-pads-1221789391_1400x.jpg?v=1777706007|https://www.thehockeyshop.com/cdn/shop/files/elbow-pads-warrior-alpha-pro-junior-hockey-elbow-pads-1221789390_%7Bwidth%7Dx.jpg?v=1777706001|https://www.thehockeyshop.com/cdn/shop/files/elbow-pads-warrior-alpha-pro-junior-hockey-elbow-pads-1221789390_1400x.jpg?v=1777706001|https://www.thehockeyshop.com/cdn/shop/files/elbow-pads-warrior-alpha-pro-junior-hockey-elbow-pads-1221789389_%7Bwidth%7Dx.jpg?v=1777706008|https://www.thehockeyshop.com/cdn/shop/files/elbow-pads-warrior-alpha-pro-junior-hockey-elbow-pads-1221789389_1400x.jpg?v=1777706008|https://www.thehockeyshop.com/cdn/shop/files/elbow-pads-warrior-alpha-pro-junior-hockey-elbow-pads-1221789388_%7Bwidth%7Dx.jpg?v=1777706011"
"prod_protective_extra_115","CCM","CCM Jetspeed FT6 Pro Pants Senior","ccm-jetspeed-ft6-pro-pants-senior","4","https://www.thehockeyshop.com/products/ccm-jetspeed-pro-senior-hockey-pants","200","12","https://www.thehockeyshop.com/cdn/shop/files/hockey-pants-ccm-jetspeed-pro-senior-hockey-pants-1221781083_1200x630_crop_center.jpg?v=1777752205|https://www.thehockeyshop.com/cdn/shop/files/hockey-pants-ccm-jetspeed-pro-senior-hockey-pants-1221781083_%7Bwidth%7Dx.jpg?v=1777752205|https://www.thehockeyshop.com/cdn/shop/files/hockey-pants-ccm-jetspeed-pro-senior-hockey-pants-1221781083_1400x.jpg?v=1777752205|https://www.thehockeyshop.com/cdn/shop/files/hockey-pants-ccm-jetspeed-pro-senior-hockey-pants-1221781082_%7Bwidth%7Dx.jpg?v=1777752200|https://www.thehockeyshop.com/cdn/shop/files/hockey-pants-ccm-jetspeed-pro-senior-hockey-pants-1221781082_1400x.jpg?v=1777752200|https://www.thehockeyshop.com/cdn/shop/files/hockey-pants-ccm-jetspeed-pro-senior-hockey-pants-1221781081_%7Bwidth%7Dx.jpg?v=1777752206|https://www.thehockeyshop.com/cdn/shop/files/hockey-pants-ccm-jetspeed-pro-senior-hockey-pants-1221781081_1400x.jpg?v=1777752206|https://www.thehockeyshop.com/cdn/shop/files/hockey-pants-ccm-jetspeed-pro-senior-hockey-pants-1221781080_%7Bwidth%7Dx.jpg?v=1777752211|https://www.thehockeyshop.com/cdn/shop/files/hockey-pants-ccm-jetspeed-pro-senior-hockey-pants-1221781080_1400x.jpg?v=1777752211|https://www.thehockeyshop.com/cdn/shop/files/hockey-pants-ccm-jetspeed-pro-senior-hockey-pants-1221781079_%7Bwidth%7Dx.jpg?v=1777752218|https://www.thehockeyshop.com/cdn/shop/files/hockey-pants-ccm-jetspeed-pro-senior-hockey-pants-1221781079_1400x.jpg?v=1777752218|https://www.thehockeyshop.com/cdn/shop/files/hockey-pants-ccm-jetspeed-pro-senior-hockey-pants-1221781078_%7Bwidth%7Dx.jpg?v=1777752218"
"prod_goalie_extra_116","Bauer","BAUER Vapor Hyperlite 2 Goalie Catcher Senior","bauer-vapor-hyperlite-2-goalie-catcher-senior","1","https://www.thehockeyshop.com/products/bauer-vapor-hyperlite-custom-goalie-catcher","200","12","https://www.thehockeyshop.com/cdn/shop/products/catchers-bauer-vapor-hyperlite-custom-goalie-catcher-1221740966_1200x630_crop_center.jpg?v=1777162679|https://www.thehockeyshop.com/cdn/shop/products/catchers-bauer-vapor-hyperlite-custom-goalie-catcher-1221740966_%7Bwidth%7Dx.jpg?v=1777162679|https://www.thehockeyshop.com/cdn/shop/products/catchers-bauer-vapor-hyperlite-custom-goalie-catcher-1221740966_1400x.jpg?v=1777162679|https://www.thehockeyshop.com/cdn/shop/products/catchers-bauer-vapor-hyperlite-custom-goalie-catcher-1221740966_grande.jpg?v=1777162679|https://www.thehockeyshop.com/cdn/shop/products/catchers-bauer-vapor-hyperlite-custom-goalie-catcher-1221740966_1024x1024.jpg?v=1777162679|https://cdn.shopify.com/s/files/1/0020/1585/4658/products/bauer-catchers-bauer-vapor-hyperlite-custom-goalie-catcher-28759546495042.jpg?v=1681724889|https://cdn.shopify.com/s/files/1/0020/1585/4658/files/custom-bauer-mybauer-vapor-hyperlite-goalie-set.jpg?v=1617732649|https://cdn.shopify.com/s/files/1/0020/1585/4658/files/custom-bauer-mybauer-vapor-hyperlite-savetoorder.jpg?v=1617732649|https://cdn.shopify.com/s/files/1/0020/1585/4658/files/custom-bauer-mybauer-vapor-hyperlite-recipeIDnumber.jpg?v=1617732649|https://cdn.shopify.com/s/files/1/0020/1585/4658/files/custom-bauer-mybauer-mainscreen.jpg?v=1617732649|https://cdn.shopify.com/s/files/1/0020/1585/4658/files/custom-bauer-mybauer-palm-stiffness.jpg?v=1617809146|https://cdn.shopify.com/s/files/1/0020/1585/4658/files/custom-bauer-mybauer-palm-material.jpg?v=1617809146"
"prod_goalie_extra_117","CCM","CCM EFLEX 6.9 Goalie Pads Senior","ccm-eflex-6-9-goalie-pads-senior","2","https://www.thehockeyshop.com/products/ccm-extreme-flex-e6-9-senior-goalie-leg-pads-sdc","200","12","https://www.thehockeyshop.com/cdn/shop/files/leg-pads-ccm-extreme-flex-e6-9-senior-goalie-leg-pads-source-exclusive-1221725709_1200x630_crop_center.jpg?v=1777587532|https://www.thehockeyshop.com/cdn/shop/files/leg-pads-ccm-extreme-flex-e6-9-senior-goalie-leg-pads-source-exclusive-1221725709_%7Bwidth%7Dx.jpg?v=1777587532|https://www.thehockeyshop.com/cdn/shop/files/leg-pads-ccm-extreme-flex-e6-9-senior-goalie-leg-pads-source-exclusive-1221725709_1400x.jpg?v=1777587532|https://www.thehockeyshop.com/cdn/shop/files/leg-pads-ccm-extreme-flex-e6-9-senior-goalie-leg-pads-source-exclusive-1221725708_%7Bwidth%7Dx.jpg?v=1777587866|https://www.thehockeyshop.com/cdn/shop/files/leg-pads-ccm-extreme-flex-e6-9-senior-goalie-leg-pads-source-exclusive-1221725708_1400x.jpg?v=1777587866|https://www.thehockeyshop.com/cdn/shop/files/leg-pads-ccm-extreme-flex-e6-9-senior-goalie-leg-pads-source-exclusive-1221725707_%7Bwidth%7Dx.jpg?v=1777587858|https://www.thehockeyshop.com/cdn/shop/files/leg-pads-ccm-extreme-flex-e6-9-senior-goalie-leg-pads-source-exclusive-1221725707_1400x.jpg?v=1777587858|https://www.thehockeyshop.com/cdn/shop/files/leg-pads-ccm-extreme-flex-e6-9-senior-goalie-leg-pads-source-exclusive-1221725706_%7Bwidth%7Dx.jpg?v=1777587865|https://www.thehockeyshop.com/cdn/shop/files/leg-pads-ccm-extreme-flex-e6-9-senior-goalie-leg-pads-source-exclusive-1221725706_1400x.jpg?v=1777587865|https://www.thehockeyshop.com/cdn/shop/files/leg-pads-ccm-extreme-flex-e6-9-senior-goalie-leg-pads-source-exclusive-1221725705_%7Bwidth%7Dx.jpg?v=1777587534|https://www.thehockeyshop.com/cdn/shop/files/leg-pads-ccm-extreme-flex-e6-9-senior-goalie-leg-pads-source-exclusive-1221725705_1400x.jpg?v=1777587534|https://www.thehockeyshop.com/cdn/shop/files/leg-pads-ccm-extreme-flex-e6-9-senior-goalie-leg-pads-source-exclusive-1221725704_%7Bwidth%7Dx.jpg?v=1777587539"
"prod_goalie_extra_118","Warrior","Warrior Ritual G6 E+ Goalie Pads Senior","warrior-ritual-g6-e-goalie-pads-senior","2","https://www.thehockeyshop.com/products/warrior-g7-senior-goalie-leg-pads","200","12","https://www.thehockeyshop.com/cdn/shop/files/leg-pads-warrior-g7-senior-goalie-leg-pads-1221795934_1200x630_crop_center.jpg?v=1777670432|https://www.thehockeyshop.com/cdn/shop/files/leg-pads-warrior-g7-senior-goalie-leg-pads-1221795934_%7Bwidth%7Dx.jpg?v=1777670432|https://www.thehockeyshop.com/cdn/shop/files/leg-pads-warrior-g7-senior-goalie-leg-pads-1221795934_1400x.jpg?v=1777670432|https://www.thehockeyshop.com/cdn/shop/files/leg-pads-warrior-g7-senior-goalie-leg-pads-1221795933_%7Bwidth%7Dx.jpg?v=1777670441|https://www.thehockeyshop.com/cdn/shop/files/leg-pads-warrior-g7-senior-goalie-leg-pads-1221795933_1400x.jpg?v=1777670441|https://www.thehockeyshop.com/cdn/shop/files/leg-pads-warrior-g7-senior-goalie-leg-pads-1221795932_%7Bwidth%7Dx.jpg?v=1777670441|https://www.thehockeyshop.com/cdn/shop/files/leg-pads-warrior-g7-senior-goalie-leg-pads-1221795932_1400x.jpg?v=1777670441|https://www.thehockeyshop.com/cdn/shop/files/leg-pads-warrior-g7-senior-goalie-leg-pads-1221795931_%7Bwidth%7Dx.jpg?v=1777670445|https://www.thehockeyshop.com/cdn/shop/files/leg-pads-warrior-g7-senior-goalie-leg-pads-1221795931_1400x.jpg?v=1777670445|https://www.thehockeyshop.com/cdn/shop/files/leg-pads-warrior-g7-senior-goalie-leg-pads-1221795930_%7Bwidth%7Dx.jpg?v=1777670450|https://www.thehockeyshop.com/cdn/shop/files/leg-pads-warrior-g7-senior-goalie-leg-pads-1221795930_1400x.jpg?v=1777670450|https://www.thehockeyshop.com/cdn/shop/files/leg-pads-warrior-g7-senior-goalie-leg-pads-1221795929_%7Bwidth%7Dx.jpg?v=1777670457"
"prod_goalie_extra_119","Bauer","BAUER Supreme M5 Pro Goalie Chest Protector Senior","bauer-supreme-m5-pro-goalie-chest-protector-senior","4","https://www.thehockeyshop.com/products/bauer-supreme-fuse-senior-chest-arm-protector","200","12","https://www.thehockeyshop.com/cdn/shop/files/chest-protectors-bauer-supreme-fuse-senior-chest-arm-protector-1221919965_1200x630_crop_center.jpg?v=1771730799|https://www.thehockeyshop.com/cdn/shop/files/chest-protectors-bauer-supreme-fuse-senior-chest-arm-protector-1221919965_%7Bwidth%7Dx.jpg?v=1771730799|https://www.thehockeyshop.com/cdn/shop/files/chest-protectors-bauer-supreme-fuse-senior-chest-arm-protector-1221919965_1400x.jpg?v=1771730799|https://www.thehockeyshop.com/cdn/shop/files/chest-protectors-bauer-supreme-fuse-senior-chest-arm-protector-1221919964_%7Bwidth%7Dx.jpg?v=1771730711|https://www.thehockeyshop.com/cdn/shop/files/chest-protectors-bauer-supreme-fuse-senior-chest-arm-protector-1221919964_1400x.jpg?v=1771730711|https://www.thehockeyshop.com/cdn/shop/files/chest-protectors-bauer-supreme-fuse-senior-chest-arm-protector-1221919963_%7Bwidth%7Dx.jpg?v=1771730739|https://www.thehockeyshop.com/cdn/shop/files/chest-protectors-bauer-supreme-fuse-senior-chest-arm-protector-1221919963_1400x.jpg?v=1771730739|https://www.thehockeyshop.com/cdn/shop/files/chest-protectors-bauer-supreme-fuse-senior-chest-arm-protector-1221919962_%7Bwidth%7Dx.jpg?v=1771730652|https://www.thehockeyshop.com/cdn/shop/files/chest-protectors-bauer-supreme-fuse-senior-chest-arm-protector-1221919962_1400x.jpg?v=1771730652|https://www.thehockeyshop.com/cdn/shop/files/chest-protectors-bauer-supreme-fuse-senior-chest-arm-protector-1221919961_%7Bwidth%7Dx.jpg?v=1771730680|https://www.thehockeyshop.com/cdn/shop/files/chest-protectors-bauer-supreme-fuse-senior-chest-arm-protector-1221919961_1400x.jpg?v=1771730680|https://www.thehockeyshop.com/cdn/shop/files/chest-protectors-bauer-supreme-fuse-senior-chest-arm-protector-1221919960_%7Bwidth%7Dx.jpg?v=1771730590"
"prod_goalie_extra_120","Warrior","Warrior Ritual F2 E+ Goalie Mask Senior","warrior-ritual-f2-e-goalie-mask-senior","4","https://www.thehockeyshop.com/products/warrior-ritual-f2-e-senior-goalie-mask-1","200","12","https://www.thehockeyshop.com/cdn/shop/files/goalie-masks-warrior-ritual-f2-e-senior-goalie-mask-1221802387_1200x630_crop_center.jpg?v=1777617518|https://www.thehockeyshop.com/cdn/shop/files/goalie-masks-warrior-ritual-f2-e-senior-goalie-mask-1221802387_%7Bwidth%7Dx.jpg?v=1777617518|https://www.thehockeyshop.com/cdn/shop/files/goalie-masks-warrior-ritual-f2-e-senior-goalie-mask-1221802387_1400x.jpg?v=1777617518|https://www.thehockeyshop.com/cdn/shop/files/goalie-masks-warrior-ritual-f2-e-senior-goalie-mask-1221802386_%7Bwidth%7Dx.jpg?v=1777617522|https://www.thehockeyshop.com/cdn/shop/files/goalie-masks-warrior-ritual-f2-e-senior-goalie-mask-1221802386_1400x.jpg?v=1777617522|https://www.thehockeyshop.com/cdn/shop/files/goalie-masks-warrior-ritual-f2-e-senior-goalie-mask-1221802385_%7Bwidth%7Dx.jpg?v=1777617079|https://www.thehockeyshop.com/cdn/shop/files/goalie-masks-warrior-ritual-f2-e-senior-goalie-mask-1221802385_1400x.jpg?v=1777617079|https://www.thehockeyshop.com/cdn/shop/files/goalie-masks-warrior-ritual-f2-e-senior-goalie-mask-1221802384_%7Bwidth%7Dx.jpg?v=1777617083|https://www.thehockeyshop.com/cdn/shop/files/goalie-masks-warrior-ritual-f2-e-senior-goalie-mask-1221802384_1400x.jpg?v=1777617083|https://www.thehockeyshop.com/cdn/shop/files/goalie-masks-warrior-ritual-f2-e-senior-goalie-mask-1221802383_%7Bwidth%7Dx.jpg?v=1777617087|https://www.thehockeyshop.com/cdn/shop/files/goalie-masks-warrior-ritual-f2-e-senior-goalie-mask-1221802383_1400x.jpg?v=1777617087|https://www.thehockeyshop.com/cdn/shop/files/goalie-masks-warrior-ritual-f2-e-senior-goalie-mask-1221802382_%7Bwidth%7Dx.jpg?v=1777617088"
"prod_figure_extra_121","Jackson","Jackson Ultima Freestyle Aspire Figure Skates","jackson-ultima-freestyle-aspire-figure-skates","3","https://jacksonultima.com/products/freestyle-2190","200","12","http://jacksonultima.com/cdn/shop/files/FS2190_SupportRatings_1200x1200.jpg?v=1750105129|http://jacksonultima.com/cdn/shop/files/FS2190-AngleOut_1200x1200.jpg?v=1750105129|http://jacksonultima.com/cdn/shop/files/FS2190-Outside_1200x1200.jpg?v=1750105129|https://jacksonultima.com/cdn/shop/files/FS2190_SupportRatings_1200x1200.jpg?v=1750105129|https://jacksonultima.com/cdn/shop/files/FS2190-AngleOut_1200x1200.jpg?v=1750105129|https://jacksonultima.com/cdn/shop/files/FS2190-Outside_1200x1200.jpg?v=1750105129|https://jacksonultima.com/cdn/shop/files/FS2190_SupportRatings.jpg?v=1750105129&width=1800|https://jacksonultima.com/cdn/shop/files/FS2190_SupportRatings.jpg?v=1750105129&width=2048|https://jacksonultima.com/cdn/shop/files/FS2190-AngleOut.jpg?v=1750105129&width=1800|https://jacksonultima.com/cdn/shop/files/FS2190-AngleOut.jpg?v=1750105129&width=2048|https://jacksonultima.com/cdn/shop/files/FS2190-Outside.jpg?v=1750105129&width=1800|https://jacksonultima.com/cdn/shop/files/FS2190-Outside.jpg?v=1750105129&width=2048"
"prod_figure_extra_122","Jackson","Jackson Ultima Competitor DJ2470 Figure Skates","jackson-ultima-competitor-dj2470-figure-skates","3","https://jacksonultima.com/products/premiere-2850","200","12","http://jacksonultima.com/cdn/shop/files/FS2850SupportRating_1200x1200.jpg?v=1748010286|http://jacksonultima.com/cdn/shop/files/FS2850-AngleFrontRight_1200x1200.jpg?v=1748010286|http://jacksonultima.com/cdn/shop/files/FS2850-Right_b00101cb-8609-46a2-a169-295a90252dbc_1200x1200.jpg?v=1748439992|https://jacksonultima.com/cdn/shop/files/FS2850SupportRating_1200x1200.jpg?v=1748010286|https://jacksonultima.com/cdn/shop/files/FS2850-AngleFrontRight_1200x1200.jpg?v=1748010286|https://jacksonultima.com/cdn/shop/files/FS2850-Right_b00101cb-8609-46a2-a169-295a90252dbc_1200x1200.jpg?v=1748439992|https://jacksonultima.com/cdn/shop/files/FS2850SupportRating.jpg?v=1748010286&width=1800|https://jacksonultima.com/cdn/shop/files/FS2850SupportRating.jpg?v=1748010286&width=2048|https://jacksonultima.com/cdn/shop/files/FS2850-AngleFrontRight.jpg?v=1748010286&width=1800|https://jacksonultima.com/cdn/shop/files/FS2850-AngleFrontRight.jpg?v=1748010286&width=2048|https://jacksonultima.com/cdn/shop/files/FS2850-Right_b00101cb-8609-46a2-a169-295a90252dbc.jpg?v=1748439992&width=1800|https://jacksonultima.com/cdn/shop/files/FS2850-Right_b00101cb-8609-46a2-a169-295a90252dbc.jpg?v=1748439992&width=2048"
"prod_figure_extra_123","Edea","Edea Brio Ice Skates","edea-brio-figure-skating-boot","3","https://figureskatingstore.com/edea-brio-ice-skates/","200","12","https://cdn11.bigcommerce.com/s-bac1n25m/products/14418/images/43647/brio-edea-skates__53410.1672287149.462.464.jpg?c=2|https://cdn11.bigcommerce.com/s-bac1n25m/images/stencil/500x659/products/14418/43647/brio-edea-skates__53410.1672287149.jpg?c=2|https://cdn11.bigcommerce.com/s-bac1n25m/images/stencil/50x50/products/14418/43647/brio-edea-skates__53410.1672287149.jpg?c=2|https://cdn11.bigcommerce.com/s-bac1n25m/images/stencil/210x280/products/571/42827/overture-edea-skates__82065.1683581197.jpg?c=2|https://store-bac1n25m.mybigcommerce.com/product_images/uploaded_images/megamenu-image/edea_ice_skates1.jpg|https://cdn11.bigcommerce.com/s-bac1n25m/images/stencil/210x280/products/567/42816/ice-fly-edea-skates__02156.1687208109.jpg?c=2|https://cdn11.bigcommerce.com/s-bac1n25m/images/stencil/%7B:size%7D/products/27413/94577/JS1592_SupportRatings__70800.1789963501.jpg?c=2\|https://cdn11.bigcommerce.com/s-bac1n25m/images/stencil/%7B:size%7D/products/27412/94564/JS1592_SupportRatings__49006.1789963238.jpg?c=2\|https://cdn11.bigcommerce.com/s-bac1n25m/images/stencil/%7B:size%7D/products/27408/94513/2__83800.1789961077.jpg?c=2\|https://cdn11.bigcommerce.com/s-bac1n25m/images/stencil/1280x1280/products/14418/43647/brio-edea-skates__53410.1672287149.jpg?c=2|https://cdn11.bigcommerce.com/s-bac1n25m/images/stencil/500x659/products/14418/43645/lingua-brio__40027.1672287149.jpg?c=2|https://cdn11.bigcommerce.com/s-bac1n25m/images/stencil/500x659/products/14418/43646/collare-brio__07703.1672287149.jpg?c=2"
"prod_figure_extra_124","Edea","Edea Motivo Figure Skating Boot","edea-motivo-figure-skating-boot","3","https://skatesus.com/product/edea-motivo-figure-roller-skate-boot/","200","12","https://skatesus.com/wp-content/uploads/2023/03/EDEA-Motivo-Ice-Boot-1-900x900.webp|https://skatesus.com/wp-content/uploads/2023/03/EDEA-Motivo-Ice-Boot-Ivory-900x900.webp|https://skatesus.com/wp-content/uploads/2023/03/EDEA-Motivo-Ice-Boot-Black-900x900.webp|https://skatesus.com/wp-content/uploads/2023/01/Motivo-Edea-IceBoot-3-1-900x761.webp|https://skatesus.com/wp-content/uploads/2023/06/Motivo-Edea-IceBoot-8-900x760.webp|https://skatesus.com/wp-content/uploads/2023/01/Motivo-Edea-IceBoot-2-1-900x761.webp|https://skatesus.com/wp-content/uploads/2023/01/Motivo-Edea-IceBoot-1-900x761.webp|https://skatesus.com/wp-content/uploads/2023/01/Motivo-Edea-IceBoot-4-1-900x761.webp|https://skatesus.com/wp-content/uploads/2023/01/Motivo-Edea-Boot-ivory-900x900.webp|https://skatesus.com/wp-content/uploads/2023/03/EDEA-Motivo-Ice-Boot-1.webp|https://skatesus.com/wp-content/uploads/2023/03/EDEA-Motivo-Ice-Boot-1-500x500.webp|https://skatesus.com/wp-content/uploads/2023/03/EDEA-Motivo-Ice-Boot-1-300x300.webp"
"prod_figure_extra_125","Jackson","Jackson Ultima Elle JS2131 Figure Skates Youth","jackson-ultima-elle-js2131-figure-skates-youth","3","https://jacksonultima.com/products/elle-2130","200","12","http://jacksonultima.com/cdn/shop/files/FS2130_SupportRatings_1200x1200.jpg?v=1750106119|http://jacksonultima.com/cdn/shop/files/FS2130-AngleOut_1200x1200.jpg?v=1750106119|http://jacksonultima.com/cdn/shop/files/FS2130-Outside_1200x1200.jpg?v=1750106119|https://jacksonultima.com/cdn/shop/files/FS2130_SupportRatings_1200x1200.jpg?v=1750106119|https://jacksonultima.com/cdn/shop/files/FS2130-AngleOut_1200x1200.jpg?v=1750106119|https://jacksonultima.com/cdn/shop/files/FS2130-Outside_1200x1200.jpg?v=1750106119|https://jacksonultima.com/cdn/shop/files/FS2130_SupportRatings.jpg?v=1750106119&width=1800|https://jacksonultima.com/cdn/shop/files/FS2130_SupportRatings.jpg?v=1750106119&width=2048|https://jacksonultima.com/cdn/shop/files/FS2130-AngleOut.jpg?v=1750106119&width=1800|https://jacksonultima.com/cdn/shop/files/FS2130-AngleOut.jpg?v=1750106119&width=2048|https://jacksonultima.com/cdn/shop/files/FS2130-Outside.jpg?v=1750106119&width=1800|https://jacksonultima.com/cdn/shop/files/FS2130-Outside.jpg?v=1750106119&width=2048"
"prod_figure_extra_126","Jackson","Jackson Ultima SoftSkate JS180 Figure Skates","jackson-ultima-softskate-js180-figure-skates","3","https://jacksonultima.com/products/softec-vista","200","11","http://jacksonultima.com/cdn/shop/products/ST3200_BK_1200x1200.png?v=1547222394|http://jacksonultima.com/cdn/shop/products/ST3200_NA_1200x1200.png?v=1547222394|http://jacksonultima.com/cdn/shop/products/ST3200_WH_1200x1200.png?v=1547222394|https://jacksonultima.com/cdn/shop/products/ST3200_BK_1200x1200.png?v=1547222394|https://jacksonultima.com/cdn/shop/products/ST3200_NA_1200x1200.png?v=1547222394|https://jacksonultima.com/cdn/shop/products/ST3200_WH_1200x1200.png?v=1547222394|https://jacksonultima.com/cdn/shop/products/ST3200_BK_160x160.png?v=1547222394|https://jacksonultima.com/cdn/shop/products/ST3200_NA_160x160.png?v=1547222394|https://jacksonultima.com/cdn/shop/products/ST3200_WH_160x160.png?v=1547222394|https://jacksonultima.com/cdn/shop/products/ST3201_PK_160x160.png?v=1547222394|https://jacksonultima.com/cdn/shop/products/ST3200_BK_480x480.png?v=1547222394"
"prod_figacc_extra_127","Jackson","Jackson Ultima Mirage Figure Blade","jackson-ultima-mirage-figure-blade","1","https://jacksonultima.com/products/mirage-1","200","12","http://jacksonultima.com/cdn/shop/files/UB10HR_1200x1200.png?v=1752672360|https://jacksonultima.com/cdn/shop/files/UB10HR_1200x1200.png?v=1752672360|https://jacksonultima.com/cdn/shop/files/UB10HR.png?v=1752672360&width=1800|https://jacksonultima.com/cdn/shop/files/UB10HR.png?v=1752672360&width=2048|https://jacksonultima.com/cdn/shop/files/UB10HR.png?v=1752672360&width=375|https://jacksonultima.com/cdn/shop/files/UB10HR.png?v=1752672360&width=550|https://jacksonultima.com/cdn/shop/files/UB10HR.png?v=1752672360&width=768|https://jacksonultima.com/cdn/shop/files/UB10HR.png?v=1752672360&width=1024|https://jacksonultima.com/cdn/shop/files/UB10HR.png?v=1752672360&width=1280|https://jacksonultima.com/cdn/shop/files/UB10HR.png?v=1752672360&width=1440|https://jacksonultima.com/cdn/shop/files/UB10HR.png?v=1752672360&width=1680|https://jacksonultima.com/cdn/shop/files/UB10HR.png?v=1752672360&width=1920"
"prod_figacc_extra_128","Jackson","Jackson Ultima Apex Supreme Figure Blade","jackson-ultima-apex-supreme-figure-blade","1","https://jacksonultima.com/products/apex-dance-1","200","12","http://jacksonultima.com/cdn/shop/files/TB115_Dance_b0a75ad0-f984-4a13-a01b-b992c71993dd_1200x1200.jpg?v=1752601093|https://jacksonultima.com/cdn/shop/files/TB115_Dance_b0a75ad0-f984-4a13-a01b-b992c71993dd_1200x1200.jpg?v=1752601093|https://jacksonultima.com/cdn/shop/files/TB115_Dance_b0a75ad0-f984-4a13-a01b-b992c71993dd.jpg?v=1752601093&width=1800|https://jacksonultima.com/cdn/shop/files/TB115_Dance_b0a75ad0-f984-4a13-a01b-b992c71993dd.jpg?v=1752601093&width=2048|https://jacksonultima.com/cdn/shop/files/TB115_Dance_b0a75ad0-f984-4a13-a01b-b992c71993dd.jpg?v=1752601093&width=375|https://jacksonultima.com/cdn/shop/files/TB115_Dance_b0a75ad0-f984-4a13-a01b-b992c71993dd.jpg?v=1752601093&width=550|https://jacksonultima.com/cdn/shop/files/TB115_Dance_b0a75ad0-f984-4a13-a01b-b992c71993dd.jpg?v=1752601093&width=768|https://jacksonultima.com/cdn/shop/files/TB115_Dance_b0a75ad0-f984-4a13-a01b-b992c71993dd.jpg?v=1752601093&width=1024|https://jacksonultima.com/cdn/shop/files/TB115_Dance_b0a75ad0-f984-4a13-a01b-b992c71993dd.jpg?v=1752601093&width=1280|https://jacksonultima.com/cdn/shop/files/TB115_Dance_b0a75ad0-f984-4a13-a01b-b992c71993dd.jpg?v=1752601093&width=1440|https://jacksonultima.com/cdn/shop/files/TB115_Dance_b0a75ad0-f984-4a13-a01b-b992c71993dd.jpg?v=1752601093&width=1680|https://jacksonultima.com/cdn/shop/files/TB115_Dance_b0a75ad0-f984-4a13-a01b-b992c71993dd.jpg?v=1752601093&width=1920"
"prod_figacc_extra_129","Edea","Edea Skate Spinner","edea-skate-spinner","2","https://skatesus.com/product/edea-e-spinner-roller-figure-training-tool/","200","12","https://skatesus.com/wp-content/uploads/2022/12/EDEA-E-Spinner-900x900.webp|https://skatesus.com/wp-content/uploads/2022/12/EDEA-E-Spinner-Tobago-900x900.webp|https://skatesus.com/wp-content/uploads/2022/12/EDEA-E-Spinner-Hawaii-900x900.webp|https://skatesus.com/wp-content/uploads/2022/12/EDEA-E-Spinner-Bora-Bora-900x900.webp|https://skatesus.com/wp-content/uploads/2022/12/EDEA-E-Spinner-Bali-900x900.webp|https://skatesus.com/wp-content/uploads/2022/12/EDEA-E-Spinner-Bahamas-900x900.webp|https://skatesus.com/wp-content/uploads/2022/12/EDEA-E-Spinner-Fiji-900x900.webp|https://skatesus.com/wp-content/uploads/2022/12/EDEA-E-Spinner-For-Training-Capri-900x900.webp|https://skatesus.com/wp-content/uploads/2022/12/EDEA-E-Spinner-For-Training-Doodle-900x900.webp|https://skatesus.com/wp-content/uploads/2022/12/EDEA-E-Spinner-For-Training-Lira-900x900.webp|https://skatesus.com/wp-content/uploads/2022/12/EDEA-Jacquard-Trolley-Backpack-900x900.webp|https://skatesus.com/wp-content/uploads/2023/03/EDEA-Love-Your-Feet-Mat-White-900x900.webp"
"prod_figacc_extra_130","Edea","Edea Blade Covers","edea-blade-covers","3","https://skatesus.com/product/edea-soft-blade-covers/","200","12","https://skatesus.com/wp-content/uploads/2023/10/EDEA-Soft-Blade-Cover-For-Blade-900x900.webp|https://skatesus.com/wp-content/uploads/2023/10/EDEA-Soft-Blade-Cover-For-Blade-Dune-900x900.webp|https://skatesus.com/wp-content/uploads/2023/10/EDEA-Soft-Blade-Cover-For-Blade-Iris-900x900.webp|https://skatesus.com/wp-content/uploads/2026/07/EDEA-Soft-Blade-Cover-For-Blade-Siena-900x900.webp|https://skatesus.com/wp-content/uploads/2026/08/EDEA-Soft-Blade-Cover-For-Blade-Peluche-Viola-900x900.webp|https://skatesus.com/wp-content/uploads/2022/10/EDEA-Carbon-Filler-Plugs-900x900.webp|https://skatesus.com/wp-content/uploads/2023/03/EDEA-Flamenco-Ice-Ice-Boot-900x900.webp|https://skatesus.com/wp-content/uploads/2023/10/EDEA-Soft-Blade-Cover-For-Blade.webp|https://skatesus.com/wp-content/uploads/2023/10/EDEA-Soft-Blade-Cover-For-Blade-500x500.webp|https://skatesus.com/wp-content/uploads/2023/10/EDEA-Soft-Blade-Cover-For-Blade-300x300.webp|https://skatesus.com/wp-content/uploads/2023/10/EDEA-Soft-Blade-Cover-For-Blade-1024x1024.webp|https://skatesus.com/wp-content/uploads/2023/10/EDEA-Soft-Blade-Cover-For-Blade-768x768.webp"
"prod_accessory_extra_131","Bauer","Bauer Core Senior Wheel Hockey Bag - 2024","bauer-core-backpack","1","https://www.thehockeyshop.com/products/bauer-core-senior-wheel-hockey-bag-1","200","12","https://www.thehockeyshop.com/cdn/shop/files/wheeled-hockey-bags-bauer-core-senior-wheel-hockey-bag-2024-1221792166_1200x630_crop_center.jpg?v=1777691494|https://www.thehockeyshop.com/cdn/shop/files/wheeled-hockey-bags-bauer-core-senior-wheel-hockey-bag-2024-1221792166_%7Bwidth%7Dx.jpg?v=1777691494|https://www.thehockeyshop.com/cdn/shop/files/wheeled-hockey-bags-bauer-core-senior-wheel-hockey-bag-2024-1221792166_1400x.jpg?v=1777691494|https://www.thehockeyshop.com/cdn/shop/files/wheeled-hockey-bags-bauer-core-senior-wheel-hockey-bag-2024-1221792166_grande.jpg?v=1777691494|https://www.thehockeyshop.com/cdn/shop/files/wheeled-hockey-bags-bauer-core-senior-wheel-hockey-bag-2024-1221792166_1024x1024.jpg?v=1777691494|https://cdn.shopify.com/s/files/1/0020/1585/4658/files/bauer-wheeled-hockey-bags-bauer-core-senior-wheel-hockey-bag-2024-black-wheeled-32493128450114.jpg?v=1731056553|https://cdn.shopify.com/s/files/1/0020/1585/4658/files/GDFH-Footer-2023.jpg?v=1699041684|https://www.thehockeyshop.com/cdn/shop/files/shipping-delivery-pickup_e9355e4b-d9b7-4e68-bde6-80820ee7cd2c_648x.webp?v=1777801115|https://www.thehockeyshop.com/cdn/shop/files/best-price-promise_21be7cc6-af67-4c5e-a5b2-2aa37ec671bd_648x.webp?v=1777801106|https://www.thehockeyshop.com/cdn/shop/files/hassle-free-exchanges_8302bdab-2f0d-4909-8863-48b7a0590564_648x.webp?v=1777801110|https://www.thehockeyshop.com/cdn/shop/files/proudly-canadian-shipping-worldwide_870bc67e-6f68-40f8-9115-232488c9605f_648x.webp?v=1777801099|https://www.thehockeyshop.com/cdn/shop/t/228/assets/search.svg?v=105237682411623949071778605156"
"prod_accessory_extra_132","CCM","CCM Wheeled Backpack Bag","ccm-wheeled-backpack-bag","2","https://www.thehockeyshop.com/products/ccm-590-backpack-senior-wheel-hockey-bag","200","12","https://www.thehockeyshop.com/cdn/shop/files/backpack-hockey-bags-ccm-590-backpack-senior-wheel-hockey-bag-1255927175_1200x630_crop_center.png?v=1787794638|https://www.thehockeyshop.com/cdn/shop/files/backpack-hockey-bags-ccm-590-backpack-senior-wheel-hockey-bag-1255927175_%7Bwidth%7Dx.png?v=1787794638|https://www.thehockeyshop.com/cdn/shop/files/backpack-hockey-bags-ccm-590-backpack-senior-wheel-hockey-bag-1255927175_1400x.png?v=1787794638|https://www.thehockeyshop.com/cdn/shop/files/backpack-hockey-bags-ccm-590-backpack-senior-wheel-hockey-bag-1255927176_%7Bwidth%7Dx.png?v=1787794630|https://www.thehockeyshop.com/cdn/shop/files/backpack-hockey-bags-ccm-590-backpack-senior-wheel-hockey-bag-1255927176_1400x.png?v=1787794630|https://www.thehockeyshop.com/cdn/shop/files/backpack-hockey-bags-ccm-590-backpack-senior-wheel-hockey-bag-1255927177_%7Bwidth%7Dx.png?v=1787794621|https://www.thehockeyshop.com/cdn/shop/files/backpack-hockey-bags-ccm-590-backpack-senior-wheel-hockey-bag-1255927177_1400x.png?v=1787794621|https://www.thehockeyshop.com/cdn/shop/files/backpack-hockey-bags-ccm-590-backpack-senior-wheel-hockey-bag-1255927178_%7Bwidth%7Dx.png?v=1787794618|https://www.thehockeyshop.com/cdn/shop/files/backpack-hockey-bags-ccm-590-backpack-senior-wheel-hockey-bag-1255927178_1400x.png?v=1787794618|https://www.thehockeyshop.com/cdn/shop/files/backpack-hockey-bags-ccm-590-backpack-senior-wheel-hockey-bag-1255927179_%7Bwidth%7Dx.png?v=1787794609|https://www.thehockeyshop.com/cdn/shop/files/backpack-hockey-bags-ccm-590-backpack-senior-wheel-hockey-bag-1255927179_1400x.png?v=1787794609|https://www.thehockeyshop.com/cdn/shop/files/backpack-hockey-bags-ccm-590-backpack-senior-wheel-hockey-bag-1255927180_%7Bwidth%7Dx.png?v=1787794603"
"prod_accessory_extra_133","Warrior","Warrior Q10 Carry Bag","warrior-q10-carry-bag","2","https://www.thehockeyshop.com/products/warrior-a10-carry-hockey-bag","200","12","https://www.thehockeyshop.com/cdn/shop/files/carry-hockey-bags-warrior-a10-carry-hockey-bag-1253115967_1200x630_crop_center.png?v=1785958669|https://www.thehockeyshop.com/cdn/shop/files/carry-hockey-bags-warrior-a10-carry-hockey-bag-1253115967_%7Bwidth%7Dx.png?v=1785958669|https://www.thehockeyshop.com/cdn/shop/files/carry-hockey-bags-warrior-a10-carry-hockey-bag-1253115967_1400x.png?v=1785958669|https://www.thehockeyshop.com/cdn/shop/files/carry-hockey-bags-warrior-a10-carry-hockey-bag-1253115965_%7Bwidth%7Dx.png?v=1785958660|https://www.thehockeyshop.com/cdn/shop/files/carry-hockey-bags-warrior-a10-carry-hockey-bag-1253115965_1400x.png?v=1785958660|https://www.thehockeyshop.com/cdn/shop/files/carry-hockey-bags-warrior-a10-carry-hockey-bag-1253115967_400x.png?v=1785958669|https://www.thehockeyshop.com/cdn/shop/files/carry-hockey-bags-warrior-a10-carry-hockey-bag-1253115965_400x.png?v=1785958660|https://www.thehockeyshop.com/cdn/shop/files/carry-hockey-bags-warrior-a10-carry-hockey-bag-1253115967_grande.png?v=1785958669|https://www.thehockeyshop.com/cdn/shop/files/carry-hockey-bags-warrior-a10-carry-hockey-bag-1253115967_1024x1024.png?v=1785958669|https://www.thehockeyshop.com/cdn/shop/files/carry-hockey-bags-warrior-a10-carry-hockey-bag-1253115965_1024x1024.png?v=1785958660|https://cdn.shopify.com/s/files/1/0020/1585/4658/files/thebag.png?v=1785953530|https://cdn.shopify.com/s/files/1/0020/1585/4658/files/GDFH-Footer-2023.jpg?v=1699041684"
"prod_accessory_extra_134","Bauer","Bauer Blade Protector - Black","bauer-premium-skate-guards","2","https://www.thehockeyshop.com/products/bauer-blade-protector-black","200","12","https://www.thehockeyshop.com/cdn/shop/files/accessories-bauer-blade-protector-black-1221778199_1200x630_crop_center.gif?v=1771828450|https://www.thehockeyshop.com/cdn/shop/files/accessories-bauer-blade-protector-black-1221778199_%7Bwidth%7Dx.gif?v=1771828450|https://www.thehockeyshop.com/cdn/shop/files/accessories-bauer-blade-protector-black-1221778199_1400x.gif?v=1771828450|https://www.thehockeyshop.com/cdn/shop/files/accessories-bauer-blade-protector-black-1221778198_%7Bwidth%7Dx.gif?v=1771828392|https://www.thehockeyshop.com/cdn/shop/files/accessories-bauer-blade-protector-black-1221778198_1400x.gif?v=1771828392|https://www.thehockeyshop.com/cdn/shop/files/accessories-bauer-blade-protector-black-1221778197_%7Bwidth%7Dx.gif?v=1771828419|https://www.thehockeyshop.com/cdn/shop/files/accessories-bauer-blade-protector-black-1221778197_1400x.gif?v=1771828419|https://www.thehockeyshop.com/cdn/shop/files/accessories-bauer-blade-protector-black-1221778196_%7Bwidth%7Dx.gif?v=1771828358|https://www.thehockeyshop.com/cdn/shop/files/accessories-bauer-blade-protector-black-1221778196_1400x.gif?v=1771828358|https://www.thehockeyshop.com/cdn/shop/files/accessories-bauer-blade-protector-black-1221778195_%7Bwidth%7Dx.gif?v=1771828330|https://www.thehockeyshop.com/cdn/shop/files/accessories-bauer-blade-protector-black-1221778195_1400x.gif?v=1771828330|https://www.thehockeyshop.com/cdn/shop/files/accessories-bauer-blade-protector-black-1221778199_400x.gif?v=1771828450"
"prod_accessory_extra_135","CCM","CCM Team Stick Bag","ccm-team-stick-bag","1","https://www.thehockeyshop.com/products/ccm-team-wheeled-hockey-stick-bag","200","12","https://www.thehockeyshop.com/cdn/shop/files/stick-bags-ccm-team-wheeled-hockey-stick-bag-1221721504_1200x630_crop_center.jpg?v=1777605881|https://www.thehockeyshop.com/cdn/shop/files/stick-bags-ccm-team-wheeled-hockey-stick-bag-1221721504_%7Bwidth%7Dx.jpg?v=1777605881|https://www.thehockeyshop.com/cdn/shop/files/stick-bags-ccm-team-wheeled-hockey-stick-bag-1221721504_1400x.jpg?v=1777605881|https://www.thehockeyshop.com/cdn/shop/files/stick-bags-ccm-team-wheeled-hockey-stick-bag-1221721504_grande.jpg?v=1777605881|https://www.thehockeyshop.com/cdn/shop/files/stick-bags-ccm-team-wheeled-hockey-stick-bag-1221721504_1024x1024.jpg?v=1777605881|https://cdn.shopify.com/s/files/1/0020/1585/4658/files/ccm-player-bags-stick-ccm-team-wheeled-hockey-stick-bag-black-wheeled-32488412708930.jpg?v=1730968339|https://cdn.shopify.com/s/files/1/0020/1585/4658/files/GDFH-Footer-2023.jpg?v=1699041684|https://www.thehockeyshop.com/cdn/shop/files/shipping-delivery-pickup_e9355e4b-d9b7-4e68-bde6-80820ee7cd2c_648x.webp?v=1777801115|https://www.thehockeyshop.com/cdn/shop/files/best-price-promise_21be7cc6-af67-4c5e-a5b2-2aa37ec671bd_648x.webp?v=1777801106|https://www.thehockeyshop.com/cdn/shop/files/hassle-free-exchanges_8302bdab-2f0d-4909-8863-48b7a0590564_648x.webp?v=1777801110|https://www.thehockeyshop.com/cdn/shop/files/proudly-canadian-shipping-worldwide_870bc67e-6f68-40f8-9115-232488c9605f_648x.webp?v=1777801099|https://www.thehockeyshop.com/cdn/shop/t/228/assets/bag.svg?v=149984168706906757011778605153"
"prod_apparel_extra_136","Bauer","Bauer Core Senior Shortsleeve Shirt Navy","bauer-core-short-sleeve-tee-adult","2","https://www.thehockeyshop.com/products/bauer-core-senior-shortsleeve-shirt-navy","200","12","https://www.thehockeyshop.com/cdn/shop/files/shirts-bauer-core-senior-shortsleeve-shirt-navy-1253641928_1200x630_crop_center.png?v=1786217840|https://www.thehockeyshop.com/cdn/shop/files/shirts-bauer-core-senior-shortsleeve-shirt-navy-1253641928_%7Bwidth%7Dx.png?v=1786217840|https://www.thehockeyshop.com/cdn/shop/files/shirts-bauer-core-senior-shortsleeve-shirt-navy-1253641928_1400x.png?v=1786217840|https://www.thehockeyshop.com/cdn/shop/files/shirts-bauer-core-senior-shortsleeve-shirt-navy-1253641927_%7Bwidth%7Dx.png?v=1786217831|https://www.thehockeyshop.com/cdn/shop/files/shirts-bauer-core-senior-shortsleeve-shirt-navy-1253641927_1400x.png?v=1786217831|https://www.thehockeyshop.com/cdn/shop/files/shirts-bauer-core-senior-shortsleeve-shirt-navy-1253641926_%7Bwidth%7Dx.png?v=1786217819|https://www.thehockeyshop.com/cdn/shop/files/shirts-bauer-core-senior-shortsleeve-shirt-navy-1253641926_1400x.png?v=1786217819|https://www.thehockeyshop.com/cdn/shop/files/shirts-bauer-core-senior-shortsleeve-shirt-navy-1253641928_400x.png?v=1786217840|https://www.thehockeyshop.com/cdn/shop/files/shirts-bauer-core-senior-shortsleeve-shirt-navy-1253641927_400x.png?v=1786217831|https://www.thehockeyshop.com/cdn/shop/files/shirts-bauer-core-senior-shortsleeve-shirt-navy-1253641926_400x.png?v=1786217819|https://www.thehockeyshop.com/cdn/shop/files/shirts-bauer-core-senior-shortsleeve-shirt-navy-1253641928_grande.png?v=1786217840|https://www.thehockeyshop.com/cdn/shop/files/shirts-bauer-core-senior-shortsleeve-shirt-navy-1253641928_1024x1024.png?v=1786217840"
"prod_apparel_extra_137","CCM","CCM Premium Full Zip Tech Fleece Senior Hoody 2023","ccm-locker-room-full-zip-hoodie-adult","2","https://www.thehockeyshop.com/products/ccm-premium-full-zip-tech-fleece-senior-hoody","200","12","https://www.thehockeyshop.com/cdn/shop/files/hoodies-ccm-premium-full-zip-tech-fleece-senior-hoody-1221726946_1200x630_crop_center.jpg?v=1777322163|https://www.thehockeyshop.com/cdn/shop/files/hoodies-ccm-premium-full-zip-tech-fleece-senior-hoody-1221726946_%7Bwidth%7Dx.jpg?v=1777322163|https://www.thehockeyshop.com/cdn/shop/files/hoodies-ccm-premium-full-zip-tech-fleece-senior-hoody-1221726946_1400x.jpg?v=1777322163|https://www.thehockeyshop.com/cdn/shop/files/hoodies-ccm-premium-full-zip-tech-fleece-senior-hoody-1221726945_%7Bwidth%7Dx.jpg?v=1777322158|https://www.thehockeyshop.com/cdn/shop/files/hoodies-ccm-premium-full-zip-tech-fleece-senior-hoody-1221726945_1400x.jpg?v=1777322158|https://www.thehockeyshop.com/cdn/shop/files/hoodies-ccm-premium-full-zip-tech-fleece-senior-hoody-1221726944_%7Bwidth%7Dx.jpg?v=1777322203|https://www.thehockeyshop.com/cdn/shop/files/hoodies-ccm-premium-full-zip-tech-fleece-senior-hoody-1221726944_1400x.jpg?v=1777322203|https://www.thehockeyshop.com/cdn/shop/files/hoodies-ccm-premium-full-zip-tech-fleece-senior-hoody-1221726946_400x.jpg?v=1777322163|https://www.thehockeyshop.com/cdn/shop/files/hoodies-ccm-premium-full-zip-tech-fleece-senior-hoody-1221726945_400x.jpg?v=1777322158|https://www.thehockeyshop.com/cdn/shop/files/hoodies-ccm-premium-full-zip-tech-fleece-senior-hoody-1221726944_400x.jpg?v=1777322203|https://www.thehockeyshop.com/cdn/shop/files/hoodies-ccm-premium-full-zip-tech-fleece-senior-hoody-1221726946_grande.jpg?v=1777322163|https://www.thehockeyshop.com/cdn/shop/files/hoodies-ccm-premium-full-zip-tech-fleece-senior-hoody-1221726945_grande.jpg?v=1777322158"
"prod_apparel_extra_138","Warrior","Under Armour Hockey Warm Up Senior Jacket","warrior-team-warmup-jacket-adult","2","https://www.thehockeyshop.com/products/under-armour-hockey-warm-up-senior-jacket","200","12","https://www.thehockeyshop.com/cdn/shop/products/jackets-under-armour-hockey-warm-up-senior-jacket-1221736956_1200x630_crop_center.jpg?v=1777208801|https://www.thehockeyshop.com/cdn/shop/products/jackets-under-armour-hockey-warm-up-senior-jacket-1221736956_%7Bwidth%7Dx.jpg?v=1777208801|https://www.thehockeyshop.com/cdn/shop/products/jackets-under-armour-hockey-warm-up-senior-jacket-1221736956_1400x.jpg?v=1777208801|https://www.thehockeyshop.com/cdn/shop/products/jackets-under-armour-hockey-warm-up-senior-jacket-1221736955_%7Bwidth%7Dx.jpg?v=1777208822|https://www.thehockeyshop.com/cdn/shop/products/jackets-under-armour-hockey-warm-up-senior-jacket-1221736955_1400x.jpg?v=1777208822|https://www.thehockeyshop.com/cdn/shop/products/jackets-under-armour-hockey-warm-up-senior-jacket-1221736956_400x.jpg?v=1777208801|https://www.thehockeyshop.com/cdn/shop/products/jackets-under-armour-hockey-warm-up-senior-jacket-1221736955_400x.jpg?v=1777208822|https://www.thehockeyshop.com/cdn/shop/products/jackets-under-armour-hockey-warm-up-senior-jacket-1221736956_grande.jpg?v=1777208801|https://www.thehockeyshop.com/cdn/shop/products/jackets-under-armour-hockey-warm-up-senior-jacket-1221736955_grande.jpg?v=1777208822|https://www.thehockeyshop.com/cdn/shop/products/jackets-under-armour-hockey-warm-up-senior-jacket-1221736956_1024x1024.jpg?v=1777208801|https://www.thehockeyshop.com/cdn/shop/products/jackets-under-armour-hockey-warm-up-senior-jacket-1221736955_1024x1024.jpg?v=1777208822|https://cdn.shopify.com/s/files/1/0020/1585/4658/products/under-armour-jackets-under-armour-hockey-warm-up-senior-jacket-black-s-28795653095490.jpg?v=1693503698"
"prod_apparel_extra_139","Bauer","BAUER Team Knit Beanie","bauer-team-knit-beanie","2","https://www.thehockeyshop.com/products/bauer-new-era-team-knit-toque","200","12","https://www.thehockeyshop.com/cdn/shop/products/toques-bauer-new-era-team-knit-toque-1221750762_1200x630_crop_center.jpg?v=1777068589|https://www.thehockeyshop.com/cdn/shop/products/toques-bauer-new-era-team-knit-toque-1221750762_%7Bwidth%7Dx.jpg?v=1777068589|https://www.thehockeyshop.com/cdn/shop/products/toques-bauer-new-era-team-knit-toque-1221750762_1400x.jpg?v=1777068589|https://www.thehockeyshop.com/cdn/shop/products/toques-bauer-new-era-team-knit-toque-1221750761_%7Bwidth%7Dx.jpg?v=1777068596|https://www.thehockeyshop.com/cdn/shop/products/toques-bauer-new-era-team-knit-toque-1221750761_1400x.jpg?v=1777068596|https://www.thehockeyshop.com/cdn/shop/products/toques-bauer-new-era-team-knit-toque-1221750760_%7Bwidth%7Dx.jpg?v=1777068605|https://www.thehockeyshop.com/cdn/shop/products/toques-bauer-new-era-team-knit-toque-1221750760_1400x.jpg?v=1777068605|https://www.thehockeyshop.com/cdn/shop/products/toques-bauer-new-era-team-knit-toque-1221750759_%7Bwidth%7Dx.jpg?v=1777068614|https://www.thehockeyshop.com/cdn/shop/products/toques-bauer-new-era-team-knit-toque-1221750759_1400x.jpg?v=1777068614|https://www.thehockeyshop.com/cdn/shop/products/toques-bauer-new-era-team-knit-toque-1221750762_400x.jpg?v=1777068589|https://www.thehockeyshop.com/cdn/shop/products/toques-bauer-new-era-team-knit-toque-1221750761_400x.jpg?v=1777068596|https://www.thehockeyshop.com/cdn/shop/products/toques-bauer-new-era-team-knit-toque-1221750760_400x.jpg?v=1777068605"
"prod_apparel_extra_140","CCM","S24 Bauer Team Knit Short Senior","ccm-training-short-adult","2","https://www.thehockeyshop.com/products/bauer-s24-team-knit-short-senior","200","12","https://www.thehockeyshop.com/cdn/shop/files/shorts-s24-bauer-team-knit-short-senior-1221790419_1200x630_crop_center.jpg?v=1777702644|https://www.thehockeyshop.com/cdn/shop/files/shorts-s24-bauer-team-knit-short-senior-1221790419_%7Bwidth%7Dx.jpg?v=1777702644|https://www.thehockeyshop.com/cdn/shop/files/shorts-s24-bauer-team-knit-short-senior-1221790419_1400x.jpg?v=1777702644|https://www.thehockeyshop.com/cdn/shop/files/shorts-s24-bauer-team-knit-short-senior-1221790418_%7Bwidth%7Dx.jpg?v=1777702658|https://www.thehockeyshop.com/cdn/shop/files/shorts-s24-bauer-team-knit-short-senior-1221790418_1400x.jpg?v=1777702658|https://www.thehockeyshop.com/cdn/shop/files/shorts-s24-bauer-team-knit-short-senior-1221790417_%7Bwidth%7Dx.jpg?v=1777702651|https://www.thehockeyshop.com/cdn/shop/files/shorts-s24-bauer-team-knit-short-senior-1221790417_1400x.jpg?v=1777702651|https://www.thehockeyshop.com/cdn/shop/files/shorts-s24-bauer-team-knit-short-senior-1221790416_%7Bwidth%7Dx.jpg?v=1777702662|https://www.thehockeyshop.com/cdn/shop/files/shorts-s24-bauer-team-knit-short-senior-1221790416_1400x.jpg?v=1777702662|https://www.thehockeyshop.com/cdn/shop/files/shorts-s24-bauer-team-knit-short-senior-1221790415_%7Bwidth%7Dx.jpg?v=1777702357|https://www.thehockeyshop.com/cdn/shop/files/shorts-s24-bauer-team-knit-short-senior-1221790415_1400x.jpg?v=1777702357|https://www.thehockeyshop.com/cdn/shop/files/shorts-s24-bauer-team-knit-short-senior-1221790414_%7Bwidth%7Dx.jpg?v=1777702359"
